Playing Time,Playing Time,Playing Time,Playing Time,Performance,Performance,Performance,Performance,Performance,Performance,Performance,Performance,Per 90 Minutes,Per 90 Minutes,Per 90 Minutes,Per 90 Minutes,Per 90 Minutes,,-additional
Rk,Player,Nation,Pos,Squad,Age,Born,MP,Starts,Min,90s,Gls,Ast,G+A,G-PK,PK,PKatt,CrdY,CrdR,Gls,Ast,G+A,G-PK,G+A-PK,Matches,-9999
1,Patrick van Aanholt,nl NED,DFMF,Crystal Palace,25,1990,11,8,714,7.9,0.25,0.00,0.25,0.25,0.00,0.00,0.13,0.00,0.25,0.00,0.25,0.25,0.25,Matches,5f09991f
2,Patrick van Aanholt,nl NED,DFMF,Sunderland,25,1990,21,20,1784,19.8,0.15,0.05,0.20,0.15,0.00,0.00,0.10,0.00,0.15,0.05,0.20,0.15,0.20,Matches,5f09991f
3,Charlie Adam,sct SCO,MF,Stoke City,30,1985,24,17,1517,16.9,0.06,0.18,0.24,0.00,0.06,0.06,0.41,0.00,0.06,0.18,0.24,0.00,0.18,Matches,aff418dc
4,Albert Adomah,gh GHA,MF,Middlesbrough,28,1987,2,1,122,1.4,0.00,0.00,0.00,0.00,0.00,0.00,0.00,0.00,0.00,0.00,0.00,0.00,0.00,Matches,c7174e81
5,Adrián,es ESP,GK,West Ham,29,1987,16,16,1440,16.0,0.00,0.00,0.00,0.00,0.00,0.00,0.06,0.00,0.00,0.00,0.00,0.00,0.00,Matches,f76e6b4e
6,Ibrahim Afellay,nl NED,MF,Stoke City,30,1986,12,3,384,4.3,0.00,0.00,0.00,0.00,0.00,0.00,0.00,0.00,0.00,0.00,0.00,0.00,0.00,Matches,9a8c6673
7,Benik Afobe,cd COD,FW,Bournemouth,23,1993,31,14,1461,16.2,0.37,0.19,0.56,0.37,0.00,0.06,0.06,0.00,0.37,0.18,0.55,0.37,0.55,Matches,b63f4077
8,Sergio Agüero,ar ARG,FW,Manchester City,28,1988,31,25,2403,26.7,0.75,0.15,0.90,0.60,0.15,0.19,0.15,0.04,0.75,0.15,0.90,0.60,0.75,Matches,4d034881
9,Dan Agyei,eng ENG,FWMF,Burnley,19,1997,3,0,25,0.3,0.00,0.00,0.00,0.00,0.00,0.00,0.00,0.00,0.00,0.00,0.00,0.00,0.00,Matches,5c374509
10,Ola Aina,ng NGA,DFMF,Chelsea,19,1996,3,0,26,0.3,0.00,0.00,0.00,0.00,0.00,0.00,0.00,0.00,0.00,0.00,0.00,0.00,0.00,Matches,246d153b
11,Nathan Aké,nl NED,DF,Bournemouth,21,1995,10,8,735,8.2,0.37,0.00,0.37,0.37,0.00,0.00,0.00,0.00,0.37,0.00,0.37,0.37,0.37,Matches,eaeca114
12,Nathan Aké,nl NED,DF,Chelsea,21,1995,2,1,99,1.1,0.00,0.00,0.00,0.00,0.00,0.00,0.91,0.00,0.00,0.00,0.00,0.00,0.00,Matches,eaeca114
13,Marc Albrighton,eng ENG,MF,Leicester City,26,1989,33,29,2411,26.8,0.07,0.22,0.30,0.07,0.00,0.00,0.19,0.00,0.07,0.22,0.30,0.07,0.30,Matches,b827d5b3
14,Toby Alderweireld,be BEL,DF,Tottenham,27,1989,30,30,2601,28.9,0.03,0.00,0.03,0.03,0.00,0.00,0.03,0.00,0.03,0.00,0.03,0.03,0.03,Matches,f7d50789
15,Trent Alexander-Arnold,eng ENG,MFDF,Liverpool,17,1998,7,2,167,1.9,0.00,0.00,0.00,0.00,0.00,0.00,0.00,0.00,0.00,0.00,0.00,0.00,0.00,Matches,cd1acf9d
16,Joe Allen,wls WAL,MF,Stoke City,26,1990,36,34,2930,32.6,0.18,0.06,0.25,0.18,0.00,0.00,0.28,0.00,0.18,0.06,0.25,0.18,0.25,Matches,9feb8f24
17,Dele Alli,eng ENG,MF,Tottenham,20,1996,37,35,3034,33.7,0.53,0.21,0.74,0.50,0.03,0.03,0.12,0.00,0.53,0.21,0.74,0.50,0.71,Matches,cea4ee8f
18,Ryan Allsop,eng ENG,GK,Bournemouth,24,1992,1,1,90,1.0,0.00,0.00,0.00,0.00,0.00,0.00,0.00,0.00,0.00,0.00,0.00,0.00,0.00,Matches,af615123
19,Marcos Alonso,es ESP,MF,Chelsea,25,1990,31,30,2693,29.9,0.20,0.10,0.30,0.20,0.00,0.00,0.07,0.00,0.20,0.10,0.30,0.20,0.30,Matches,f4290206
20,Daniel Amartey,gh GHA,MF,Leicester City,21,1994,24,17,1673,18.6,0.05,0.05,0.11,0.05,0.00,0.00,0.16,0.00,0.05,0.05,0.11,0.05,0.11,Matches,1a4ef233
21,Jordi Amat,id IDN,DF,Swansea City,24,1992,17,15,1409,15.7,0.00,0.00,0.00,0.00,0.00,0.00,0.32,0.00,0.00,0.00,0.00,0.00,0.00,Matches,d70a2141
22,Nordin Amrabat,ma MAR,MFFW,Watford,29,1987,29,25,2091,23.2,0.00,0.13,0.13,0.00,0.00,0.00,0.17,0.00,0.00,0.13,0.13,0.00,0.13,Matches,7c2a398c
23,Victor Anichebe,ng NGA,FWMF,Sunderland,28,1988,18,14,1219,13.5,0.22,0.00,0.22,0.22,0.00,0.00,0.15,0.00,0.22,0.00,0.22,0.22,0.22,Matches,4aed5c19
24,Michail Antonio,jm JAM,MFFW,West Ham,26,1990,29,29,2434,27.0,0.33,0.11,0.44,0.33,0.00,0.00,0.19,0.07,0.33,0.11,0.44,0.33,0.44,Matches,ac05f970
25,Ikechi Anya,sct SCO,FWMF,Watford,28,1988,1,0,10,0.1,0.00,0.00,0.00,0.00,0.00,0.00,0.00,0.00,0.00,0.00,0.00,0.00,0.00,Matches,c55e973d
26,Álvaro Arbeloa,es ESP,DF,West Ham,33,1983,3,1,258,2.9,0.00,0.00,0.00,0.00,0.00,0.00,1.03,0.00,0.00,0.00,0.00,0.00,0.00,Matches,6dc73abd
27,Scott Arfield,ca CAN,MF,Burnley,27,1988,31,23,2102,23.4,0.04,0.04,0.09,0.04,0.00,0.00,0.13,0.00,0.04,0.04,0.09,0.04,0.09,Matches,b1313ec4
28,Marko Arnautović,at AUT,MFFW,Stoke City,27,1989,32,32,2714,30.2,0.20,0.17,0.36,0.20,0.00,0.03,0.30,0.03,0.20,0.17,0.36,0.20,0.36,Matches,00459419
29,Harry Arter,ie IRL,MF,Bournemouth,26,1989,35,33,2957,32.9,0.03,0.09,0.12,0.03,0.00,0.03,0.36,0.06,0.03,0.09,0.12,0.03,0.12,Matches,2f4c5a52
30,Joel Asoro,se SWE,FW,Sunderland,17,1999,1,0,10,0.1,0.00,0.00,0.00,0.00,0.00,0.00,0.00,0.00,0.00,0.00,0.00,0.00,0.00,Matches,13e827f8
31,Charlie Austin,eng ENG,FW,Southampton,27,1989,15,11,934,10.4,0.58,0.10,0.67,0.38,0.19,0.19,0.10,0.00,0.58,0.10,0.67,0.39,0.48,Matches,8d228291
32,Daniel Ayala,es ESP,DF,Middlesbrough,25,1990,14,11,918,10.2,0.10,0.00,0.10,0.10,0.00,0.00,0.29,0.00,0.10,0.00,0.10,0.10,0.10,Matches,302560a0
33,André Ayew,gh GHA,MFFW,West Ham,26,1989,25,16,1438,16.0,0.38,0.19,0.56,0.38,0.00,0.00,0.06,0.00,0.38,0.19,0.56,0.38,0.56,Matches,5dbefa9d
34,Jordan Ayew,gh GHA,FWMF,Swansea City,24,1991,14,9,866,9.6,0.10,0.21,0.31,0.10,0.00,0.00,0.10,0.00,0.10,0.21,0.31,0.10,0.31,Matches,da052c14
35,César Azpilicueta,es ESP,DF,Chelsea,26,1989,38,38,3420,38.0,0.03,0.11,0.13,0.03,0.00,0.00,0.11,0.00,0.03,0.11,0.13,0.03,0.13,Matches,53cad200
36,Eric Bailly,ci CIV,DF,Manchester Utd,22,1994,25,24,2058,22.9,0.00,0.00,0.00,0.00,0.00,0.00,0.17,0.00,0.00,0.00,0.00,0.00,0.00,Matches,a1232f4e
37,Leighton Baines,eng ENG,DFMF,Everton,31,1984,32,32,2819,31.3,0.06,0.10,0.16,0.00,0.06,0.10,0.13,0.00,0.06,0.10,0.16,0.00,0.10,Matches,b18095b6
38,Patrick Bamford,eng ENG,FW,Middlesbrough,22,1993,8,2,287,3.2,0.31,0.00,0.31,0.31,0.00,0.00,0.31,0.00,0.31,0.00,0.31,0.31,0.31,Matches,93feac6e
39,Patrick Bamford,eng ENG,FWMF,Burnley,22,1993,6,0,39,0.4,0.00,0.00,0.00,0.00,0.00,0.00,0.00,0.00,0.00,0.00,0.00,0.00,0.00,Matches,93feac6e
40,Phil Bardsley,sct SCO,DF,Stoke City,31,1985,15,14,1168,13.0,0.00,0.00,0.00,0.00,0.00,0.00,0.38,0.15,0.00,0.00,0.00,0.00,0.00,Matches,1ae30132
41,Ross Barkley,eng ENG,MFFW,Everton,22,1993,36,32,2899,32.2,0.16,0.25,0.40,0.16,0.00,0.00,0.16,0.00,0.16,0.25,0.40,0.16,0.40,Matches,3a24769f
42,Ashley Barnes,eng ENG,FW,Burnley,26,1989,28,20,1773,19.7,0.30,0.10,0.41,0.20,0.10,0.10,0.36,0.10,0.30,0.10,0.41,0.20,0.30,Matches,2691c772
43,Antonio Barragán,es ESP,DF,Middlesbrough,29,1987,26,26,2193,24.4,0.00,0.00,0.00,0.00,0.00,0.00,0.20,0.00,0.00,0.00,0.00,0.00,0.00,Matches,487d9b09
44,Modou Barrow,gm GAM,MFFW,Swansea City,23,1992,18,12,1145,12.7,0.00,0.16,0.16,0.00,0.00,0.00,0.08,0.00,0.00,0.16,0.16,0.00,0.16,Matches,75783f5f
45,Gareth Barry,eng ENG,MF,Everton,35,1981,33,23,2108,23.4,0.09,0.04,0.13,0.09,0.00,0.00,0.43,0.00,0.09,0.04,0.13,0.09,0.13,Matches,7dbbe367
46,Joey Barton,eng ENG,MF,Burnley,33,1982,14,12,1105,12.3,0.08,0.00,0.08,0.08,0.00,0.00,0.33,0.00,0.08,0.00,0.08,0.08,0.08,Matches,93bfa675
47,Borja Bastón,es ESP,FW,Swansea City,23,1992,18,4,561,6.2,0.16,0.00,0.16,0.16,0.00,0.00,0.00,0.00,0.16,0.00,0.16,0.16,0.16,Matches,8c44e37b
48,Michy Batshuayi,be BEL,FW,Chelsea,22,1993,20,1,254,2.8,1.79,0.36,2.14,1.79,0.00,0.00,0.00,0.00,1.77,0.35,2.13,1.77,2.13,Matches,2973d8ff
49,Asmir Begović,ba BIH,GK,Chelsea,29,1987,2,2,180,2.0,0.00,0.00,0.00,0.00,0.00,0.00,0.00,0.00,0.00,0.00,0.00,0.00,0.00,Matches,7b4de647
50,Valon Behrami,ch SUI,MF,Watford,31,1985,27,26,2030,22.6,0.00,0.09,0.09,0.00,0.00,0.00,0.31,0.00,0.00,0.09,0.09,0.00,0.09,Matches,d3d758d8
51,Héctor Bellerín,es ESP,DFMF,Arsenal,21,1995,33,27,2503,27.8,0.04,0.14,0.18,0.04,0.00,0.00,0.14,0.00,0.04,0.14,0.18,0.04,0.18,Matches,f874dd44
52,Yohan Benalouane,tn TUN,DF,Leicester City,29,1987,11,11,917,10.2,0.00,0.00,0.00,0.00,0.00,0.00,0.39,0.00,0.00,0.00,0.00,0.00,0.00,Matches,8309b068
53,Christian Benteke,be BEL,FW,Crystal Palace,25,1990,36,36,3131,34.8,0.43,0.06,0.49,0.37,0.06,0.11,0.29,0.00,0.43,0.06,0.49,0.37,0.43,Matches,ab070c55
54,Jonathan Benteke,be BEL,FW,Crystal Palace,21,1995,1,0,7,0.1,0.00,0.00,0.00,0.00,0.00,0.00,0.00,0.00,0.00,0.00,0.00,0.00,0.00,Matches,5c59bc47
55,Saido Berahino,bi BDI,FW,Stoke City,22,1993,13,8,720,8.0,0.00,0.00,0.00,0.00,0.00,0.00,0.00,0.00,0.00,0.00,0.00,0.00,0.00,Matches,25b166d0
56,Saido Berahino,bi BDI,FW,West Brom,22,1993,4,3,243,2.7,0.00,0.00,0.00,0.00,0.00,0.00,0.37,0.00,0.00,0.00,0.00,0.00,0.00,Matches,25b166d0
57,Jóhann Berg Guðmundsson,is ISL,MF,Burnley,25,1990,20,10,998,11.1,0.09,0.18,0.27,0.09,0.00,0.00,0.09,0.00,0.09,0.18,0.27,0.09,0.27,Matches,f72293fc
58,Ryan Bertrand,eng ENG,DF,Southampton,26,1989,28,28,2507,27.9,0.07,0.11,0.18,0.07,0.00,0.00,0.11,0.00,0.07,0.11,0.18,0.07,0.18,Matches,01226327
59,Mame Biram Diouf,sn SEN,MFFW,Stoke City,28,1987,27,15,1385,15.4,0.06,0.13,0.19,0.06,0.00,0.00,0.19,0.00,0.06,0.13,0.19,0.06,0.19,Matches,7f4f3e49
60,Daley Blind,nl NED,DF,Manchester Utd,26,1990,23,20,1830,20.3,0.05,0.10,0.15,0.05,0.00,0.00,0.10,0.00,0.05,0.10,0.15,0.05,0.15,Matches,691bef82
61,Yannick Bolasie,cd COD,FWMF,Crystal Palace,27,1989,1,0,25,0.3,0.00,0.00,0.00,0.00,0.00,0.00,3.33,0.00,0.00,0.00,0.00,0.00,0.00,Matches,715fc0fe
62,Yannick Bolasie,cd COD,MFFW,Everton,27,1989,13,12,1023,11.4,0.09,0.35,0.44,0.09,0.00,0.00,0.18,0.00,0.09,0.35,0.44,0.09,0.44,Matches,715fc0fe
63,Wilfried Bony,ci CIV,FW,Stoke City,27,1988,10,9,684,7.6,0.26,0.00,0.26,0.26,0.00,0.00,0.13,0.00,0.26,0.00,0.26,0.26,0.26,Matches,61abe9b6
64,Fabio Borini,it ITA,FWMF,Sunderland,25,1991,24,19,1741,19.3,0.10,0.00,0.10,0.10,0.00,0.00,0.26,0.00,0.10,0.00,0.10,0.10,0.10,Matches,ef5b337e
65,Artur Boruc,pl POL,GK,Bournemouth,36,1980,35,35,3150,35.0,0.00,0.00,0.00,0.00,0.00,0.00,0.06,0.00,0.00,0.00,0.00,0.00,0.00,Matches,34ccf6fa
66,Sofiane Boufal,ma MAR,FWMF,Southampton,22,1993,24,12,1104,12.3,0.08,0.08,0.16,0.08,0.00,0.00,0.41,0.00,0.08,0.08,0.16,0.08,0.16,Matches,b0c71810
67,Jarrod Bowen,eng ENG,MF,Hull City,19,1996,7,1,181,2.0,0.00,0.00,0.00,0.00,0.00,0.00,0.00,0.00,0.00,0.00,0.00,0.00,0.00,Matches,79c84d1c
68,George Boyd,sct SCO,MF,Burnley,30,1985,36,33,2836,31.5,0.06,0.03,0.10,0.06,0.00,0.00,0.10,0.00,0.06,0.03,0.10,0.06,0.10,Matches,0a9048ce
69,Robbie Brady,ie IRL,MF,Burnley,24,1992,14,7,719,8.0,0.13,0.25,0.38,0.13,0.00,0.00,0.13,0.00,0.13,0.25,0.38,0.13,0.38,Matches,96bb8cc2
70,Claudio Bravo,cl CHI,GK,Manchester City,33,1983,22,22,1968,21.9,0.00,0.00,0.00,0.00,0.00,0.00,0.00,0.00,0.00,0.00,0.00,0.00,0.00,Matches,10072610
71,Miguel Britos,uy URU,DF,Watford,31,1985,27,27,2282,25.4,0.04,0.08,0.12,0.04,0.00,0.00,0.31,0.16,0.04,0.08,0.12,0.04,0.12,Matches,356a9a62
72,Leon Britton,eng ENG,MF,Swansea City,33,1982,16,16,1163,12.9,0.00,0.00,0.00,0.00,0.00,0.00,0.23,0.00,0.00,0.00,0.00,0.00,0.00,Matches,b92dd711
73,Chris Brunt,nir NIR,MFDF,West Brom,31,1984,31,27,2477,27.5,0.11,0.15,0.25,0.11,0.00,0.00,0.18,0.00,0.11,0.15,0.25,0.11,0.25,Matches,ec7e6ad1
74,Jack Butland,eng ENG,GK,Stoke City,23,1993,5,5,450,5.0,0.00,0.00,0.00,0.00,0.00,0.00,0.00,0.00,0.00,0.00,0.00,0.00,0.00,Matches,cc70a1d5
75,Sam Byram,eng ENG,DFMF,West Ham,22,1993,18,13,1249,13.9,0.00,0.07,0.07,0.00,0.00,0.00,0.43,0.14,0.00,0.07,0.07,0.00,0.07,Matches,1bf811d4
76,Willy Caballero,ar ARG,GK,Manchester City,34,1981,17,16,1452,16.1,0.00,0.00,0.00,0.00,0.00,0.00,0.00,0.00,0.00,0.00,0.00,0.00,0.00,Matches,a179d516
77,Yohan Cabaye,fr FRA,MF,Crystal Palace,30,1986,32,25,2125,23.6,0.17,0.08,0.25,0.17,0.00,0.04,0.30,0.00,0.17,0.08,0.25,0.17,0.25,Matches,ad7b19ef
78,Martín Cáceres,uy URU,DF,Southampton,29,1987,1,1,90,1.0,0.00,0.00,0.00,0.00,0.00,0.00,0.00,0.00,0.00,0.00,0.00,0.00,0.00,Matches,e94d79e3
79,Gary Cahill,eng ENG,DF,Chelsea,30,1985,37,36,3296,36.6,0.16,0.00,0.16,0.16,0.00,0.00,0.14,0.00,0.16,0.00,0.16,0.16,0.16,Matches,7914b9fe
80,Jonathan Calleri,ar ARG,FW,West Ham,22,1993,16,4,540,6.0,0.17,0.00,0.17,0.17,0.00,0.00,0.00,0.00,0.17,0.00,0.17,0.17,0.17,Matches,6922f806
81,Dominic Calvert-Lewin,eng ENG,MFFW,Everton,19,1997,11,5,347,3.9,0.26,0.00,0.26,0.26,0.00,0.00,0.26,0.00,0.26,0.00,0.26,0.26,0.26,Matches,59e6e5bf
82,Geoff Cameron,us USA,MFDF,Stoke City,31,1985,19,18,1629,18.1,0.00,0.11,0.11,0.00,0.00,0.00,0.06,0.00,0.00,0.11,0.11,0.00,0.11,Matches,1a160ea3
83,Fraizer Campbell,eng ENG,FW,Crystal Palace,28,1987,12,0,165,1.8,0.56,0.00,0.56,0.56,0.00,0.00,0.00,0.00,0.55,0.00,0.55,0.55,0.55,Matches,81d63375
84,Emre Can,de GER,MF,Liverpool,22,1994,32,26,2371,26.3,0.19,0.08,0.27,0.19,0.00,0.00,0.23,0.00,0.19,0.08,0.27,0.19,0.27,Matches,a65ce836
85,Étienne Capoue,fr FRA,MF,Watford,28,1988,37,37,3203,35.6,0.20,0.03,0.22,0.20,0.00,0.00,0.14,0.00,0.20,0.03,0.22,0.20,0.22,Matches,5acc4a10
86,Baily Cargill,eng ENG,DF,Bournemouth,21,1995,1,0,13,0.1,0.00,0.00,0.00,0.00,0.00,0.00,0.00,0.00,0.00,0.00,0.00,0.00,0.00,Matches,6dbe8f69
87,Michael Carrick,eng ENG,MF,Manchester Utd,35,1981,23,18,1600,17.8,0.00,0.00,0.00,0.00,0.00,0.00,0.11,0.00,0.00,0.00,0.00,0.00,0.00,Matches,ab7263c1
88,Andy Carroll,eng ENG,FW,West Ham,27,1989,18,15,1311,14.6,0.48,0.07,0.55,0.48,0.00,0.00,0.21,0.00,0.48,0.07,0.55,0.48,0.55,Matches,b581987a
89,Tom Carroll,eng ENG,MF,Tottenham,24,1992,1,0,1,0.0,0,0,0,0,0,0,0,0,0.00,0.00,0.00,0.00,0.00,Matches,5a1900a4
90,Tom Carroll,eng ENG,MF,Swansea City,24,1992,17,16,1387,15.4,0.06,0.13,0.19,0.06,0.00,0.00,0.06,0.00,0.06,0.13,0.19,0.06,0.19,Matches,5a1900a4
91,Joel Castro Pereira,pt POR,GK,Manchester Utd,20,1996,1,1,90,1.0,0.00,0.00,0.00,0.00,0.00,0.00,0.00,0.00,0.00,0.00,0.00,0.00,0.00,Matches,881e5db7
92,Craig Cathcart,nir NIR,DF,Watford,27,1989,15,13,1162,12.9,0.00,0.08,0.08,0.00,0.00,0.00,0.23,0.00,0.00,0.08,0.08,0.00,0.08,Matches,89e4b358
93,Lee Cattermole,eng ENG,MF,Sunderland,28,1988,8,8,633,7.0,0.00,0.00,0.00,0.00,0.00,0.00,0.57,0.00,0.00,0.00,0.00,0.00,0.00,Matches,538e77d5
94,Santi Cazorla,es ESP,MF,Arsenal,31,1984,8,7,618,6.9,0.29,0.14,0.43,0.00,0.29,0.29,0.29,0.00,0.29,0.15,0.44,0.00,0.15,Matches,e2e9c250
95,Petr Čech,cz CZE,GK,Arsenal,34,1982,35,35,3097,34.4,0.00,0.00,0.00,0.00,0.00,0.00,0.06,0.00,0.00,0.00,0.00,0.00,0.00,Matches,71672fa0
96,Nacer Chadli,be BEL,MFFW,West Brom,26,1989,31,27,2134,23.7,0.21,0.17,0.38,0.17,0.04,0.04,0.08,0.00,0.21,0.17,0.38,0.17,0.34,Matches,5b54bf3b
97,Nathaniel Chalobah,eng ENG,MF,Chelsea,21,1994,10,1,167,1.9,0.00,0.00,0.00,0.00,0.00,0.00,1.05,0.00,0.00,0.00,0.00,0.00,0.00,Matches,422862ea
98,Calum Chambers,eng ENG,DF,Arsenal,21,1995,1,1,90,1.0,1.00,0.00,1.00,1.00,0.00,0.00,0.00,0.00,1.00,0.00,1.00,1.00,1.00,Matches,dc6f5bdd
99,Calum Chambers,eng ENG,DF,Middlesbrough,21,1995,24,24,2160,24.0,0.04,0.04,0.08,0.04,0.00,0.00,0.17,0.00,0.04,0.04,0.08,0.04,0.08,Matches,dc6f5bdd
100,Ben Chilwell,eng ENG,DFMF,Leicester City,19,1996,12,7,699,7.8,0.13,0.00,0.13,0.13,0.00,0.00,0.26,0.00,0.13,0.00,0.13,0.13,0.13,Matches,d2424d1b
101,Lee Chung-yong,kr KOR,MF,Crystal Palace,28,1988,15,4,471,5.2,0.00,0.00,0.00,0.00,0.00,0.00,0.00,0.00,0.00,0.00,0.00,0.00,0.00,Matches,49b05a83
102,Jordy Clasie,nl NED,MF,Southampton,25,1991,16,12,1021,11.3,0.09,0.09,0.18,0.09,0.00,0.00,0.27,0.00,0.09,0.09,0.18,0.09,0.18,Matches,31c01b85
103,Adam Clayton,eng ENG,MF,Middlesbrough,27,1989,34,32,2804,31.2,0.00,0.06,0.06,0.00,0.00,0.00,0.32,0.00,0.00,0.06,0.06,0.00,0.06,Matches,45b59689
104,Tom Cleverley,eng ENG,MF,Watford,26,1989,17,16,1441,16.0,0.00,0.13,0.13,0.00,0.00,0.00,0.19,0.00,0.00,0.12,0.12,0.00,0.12,Matches,6cdd8245
105,Tom Cleverley,eng ENG,MF,Everton,26,1989,10,4,406,4.5,0.00,0.00,0.00,0.00,0.00,0.00,0.22,0.00,0.00,0.00,0.00,0.00,0.00,Matches,6cdd8245
106,Gaël Clichy,fr FRA,DF,Manchester City,31,1985,25,24,2123,23.6,0.04,0.00,0.04,0.04,0.00,0.00,0.08,0.00,0.04,0.00,0.04,0.04,0.04,Matches,450ad405
107,Sam Clucas,eng ENG,MF,Hull City,25,1990,37,36,3185,35.4,0.08,0.03,0.11,0.08,0.00,0.00,0.25,0.03,0.08,0.03,0.11,0.08,0.11,Matches,987718f5
108,Nathaniel Clyne,eng ENG,DF,Liverpool,25,1991,37,37,3323,36.9,0.00,0.05,0.05,0.00,0.00,0.00,0.00,0.00,0.00,0.05,0.05,0.00,0.05,Matches,0442183b
109,Séamus Coleman,ie IRL,DFMF,Everton,27,1988,26,26,2316,25.7,0.16,0.12,0.27,0.16,0.00,0.00,0.12,0.00,0.16,0.12,0.27,0.16,0.27,Matches,0420d84f
110,James Collins,wls WAL,DF,West Ham,32,1983,22,19,1655,18.4,0.11,0.00,0.11,0.11,0.00,0.00,0.16,0.00,0.11,0.00,0.11,0.11,0.11,Matches,c61f1719
111,Lewis Cook,eng ENG,MF,Bournemouth,19,1997,6,4,432,4.8,0.00,0.21,0.21,0.00,0.00,0.00,0.21,0.00,0.00,0.21,0.21,0.00,0.21,Matches,2afc7272
112,Steve Cook,eng ENG,DF,Bournemouth,25,1991,38,38,3420,38.0,0.05,0.00,0.05,0.05,0.00,0.00,0.13,0.00,0.05,0.00,0.05,0.05,0.05,Matches,3e5e4e63
113,Francis Coquelin,fr FRA,MF,Arsenal,25,1991,29,22,1779,19.8,0.00,0.00,0.00,0.00,0.00,0.00,0.25,0.00,0.00,0.00,0.00,0.00,0.00,Matches,a6951bf8
114,Jack Cork,eng ENG,MF,Swansea City,27,1989,30,25,2232,24.8,0.00,0.00,0.00,0.00,0.00,0.00,0.28,0.00,0.00,0.00,0.00,0.00,0.00,Matches,74e12f1e
115,Diego Costa,es ESP,FW,Chelsea,27,1988,35,35,3082,34.2,0.58,0.20,0.79,0.58,0.00,0.03,0.29,0.00,0.58,0.20,0.79,0.58,0.79,Matches,a190d597
116,Thibaut Courtois,be BEL,GK,Chelsea,24,1992,36,36,3240,36.0,0.00,0.00,0.00,0.00,0.00,0.00,0.03,0.00,0.00,0.00,0.00,0.00,0.00,Matches,1840e36d
117,Philippe Coutinho,br BRA,FWMF,Liverpool,24,1992,31,28,2227,24.7,0.53,0.32,0.85,0.53,0.00,0.00,0.08,0.00,0.53,0.32,0.85,0.53,0.85,Matches,0ef89a37
118,Aaron Cresswell,eng ENG,DFMF,West Ham,26,1989,26,24,2116,23.5,0.00,0.09,0.09,0.00,0.00,0.00,0.13,0.09,0.00,0.09,0.09,0.00,0.09,Matches,4f974391
119,Peter Crouch,eng ENG,FW,Stoke City,35,1981,27,13,1343,14.9,0.47,0.13,0.60,0.47,0.00,0.00,0.20,0.00,0.47,0.13,0.60,0.47,0.60,Matches,73d9bdc7
120,Charlie Daniels,eng ENG,DF,Bournemouth,29,1986,34,34,3060,34.0,0.12,0.09,0.21,0.12,0.00,0.00,0.03,0.00,0.12,0.09,0.21,0.12,0.21,Matches,9d107085
121,Scott Dann,eng ENG,DF,Crystal Palace,29,1987,23,19,1797,20.0,0.15,0.05,0.20,0.15,0.00,0.00,0.10,0.00,0.15,0.05,0.20,0.15,0.20,Matches,52105203
122,Matteo Darmian,it ITA,DF,Manchester Utd,26,1989,18,15,1333,14.8,0.00,0.00,0.00,0.00,0.00,0.00,0.20,0.00,0.00,0.00,0.00,0.00,0.00,Matches,96e0490d
123,Ben Davies,wls WAL,DFMF,Tottenham,23,1993,23,18,1739,19.3,0.05,0.16,0.21,0.05,0.00,0.00,0.05,0.00,0.05,0.16,0.21,0.05,0.21,Matches,44781702
124,Curtis Davies,eng ENG,DF,Hull City,31,1985,26,25,2135,23.7,0.00,0.08,0.08,0.00,0.00,0.00,0.17,0.00,0.00,0.08,0.08,0.00,0.08,Matches,607fb965
125,Tom Davies,eng ENG,MF,Everton,18,1998,24,18,1544,17.2,0.12,0.17,0.29,0.12,0.00,0.00,0.23,0.00,0.12,0.17,0.29,0.12,0.29,Matches,9228b07c
126,Steven Davis,nir NIR,MF,Southampton,31,1985,32,29,2643,29.4,0.00,0.10,0.10,0.00,0.00,0.00,0.10,0.00,0.00,0.10,0.10,0.00,0.10,Matches,cf15bbb1
127,Craig Dawson,eng ENG,DF,West Brom,26,1990,37,37,3276,36.4,0.11,0.00,0.11,0.11,0.00,0.00,0.27,0.00,0.11,0.00,0.11,0.11,0.11,Matches,3e9e06cb
128,Michael Dawson,eng ENG,DF,Hull City,32,1983,22,19,1722,19.1,0.16,0.00,0.16,0.16,0.00,0.00,0.21,0.00,0.16,0.00,0.16,0.16,0.16,Matches,4771114f
129,Kevin De Bruyne,be BEL,MF,Manchester City,25,1991,36,33,2877,32.0,0.19,0.53,0.72,0.19,0.00,0.03,0.13,0.00,0.19,0.53,0.72,0.19,0.72,Matches,e46012d4
130,Mathieu Debuchy,fr FRA,DF,Arsenal,31,1985,1,1,15,0.2,0.00,0.00,0.00,0.00,0.00,0.00,0.00,0.00,0.00,0.00,0.00,0.00,0.00,Matches,92232aad
131,Troy Deeney,eng ENG,FW,Watford,28,1988,37,31,2944,32.7,0.31,0.12,0.43,0.21,0.09,0.09,0.21,0.00,0.31,0.12,0.43,0.21,0.34,Matches,82e34b69
132,Jermain Defoe,eng ENG,FW,Sunderland,33,1982,37,37,3321,36.9,0.41,0.05,0.46,0.27,0.14,0.14,0.03,0.00,0.41,0.05,0.46,0.27,0.33,Matches,f1e8372d
133,Steven Defour,be BEL,MF,Burnley,28,1988,21,16,1068,11.9,0.08,0.25,0.34,0.08,0.00,0.00,0.08,0.00,0.08,0.25,0.34,0.08,0.34,Matches,73489527
134,Damien Delaney,ie IRL,DF,Crystal Palace,35,1981,30,21,2014,22.4,0.00,0.09,0.09,0.00,0.00,0.00,0.36,0.00,0.00,0.09,0.09,0.00,0.09,Matches,210d9ecb
135,Fabian Delph,eng ENG,MF,Manchester City,26,1989,7,2,224,2.5,0.40,0.00,0.40,0.40,0.00,0.00,0.40,0.00,0.40,0.00,0.40,0.40,0.40,Matches,111c3236
136,Mousa Dembélé,be BEL,MF,Tottenham,29,1987,30,24,2056,22.8,0.04,0.04,0.09,0.04,0.00,0.00,0.22,0.00,0.04,0.04,0.09,0.04,0.09,Matches,f7ee69fb
137,Jason Denayer,be BEL,MFDF,Sunderland,21,1995,24,22,1877,20.9,0.00,0.00,0.00,0.00,0.00,0.00,0.10,0.00,0.00,0.00,0.00,0.00,0.00,Matches,47af88b8
138,Mike van der Hoorn,nl NED,DF,Swansea City,23,1992,8,7,662,7.4,0.14,0.00,0.14,0.14,0.00,0.00,0.14,0.00,0.14,0.00,0.14,0.14,0.14,Matches,25f50295
139,Gerard Deulofeu,es ESP,FWMF,Everton,22,1994,11,4,460,5.1,0.00,0.00,0.00,0.00,0.00,0.00,0.20,0.00,0.00,0.00,0.00,0.00,0.00,Matches,39583cfd
140,Eric Dier,eng ENG,DFMF,Tottenham,22,1994,36,34,3043,33.8,0.06,0.03,0.09,0.06,0.00,0.00,0.18,0.00,0.06,0.03,0.09,0.06,0.09,Matches,ac861941
141,Adama Diomande,no NOR,FWMF,Hull City,26,1990,22,13,1171,13.0,0.15,0.00,0.15,0.15,0.00,0.00,0.08,0.00,0.15,0.00,0.15,0.15,0.15,Matches,336dbcb2
142,Papy Djilobodji,sn SEN,DF,Sunderland,27,1988,18,17,1578,17.5,0.00,0.00,0.00,0.00,0.00,0.00,0.29,0.11,0.00,0.00,0.00,0.00,0.00,Matches,083525e5
143,Abdoulaye Doucouré,ml MLI,MF,Watford,23,1993,20,14,1361,15.1,0.07,0.00,0.07,0.07,0.00,0.00,0.26,0.00,0.07,0.00,0.07,0.07,0.07,Matches,02b29014
144,Stewart Downing,eng ENG,MFFW,Middlesbrough,32,1984,30,24,2214,24.6,0.04,0.12,0.16,0.04,0.00,0.00,0.04,0.00,0.04,0.12,0.16,0.04,0.16,Matches,b13c4620
145,Danny Drinkwater,eng ENG,MF,Leicester City,26,1990,29,27,2466,27.4,0.04,0.07,0.11,0.04,0.00,0.00,0.22,0.00,0.04,0.07,0.11,0.04,0.11,Matches,2649ff32
146,Nathan Dyer,eng ENG,MFFW,Swansea City,28,1987,8,3,214,2.4,0.00,0.42,0.42,0.00,0.00,0.00,0.00,0.00,0.00,0.42,0.42,0.00,0.42,Matches,6dfd5af0
147,Ovie Ejaria,eng ENG,FWMF,Liverpool,18,1997,2,0,8,0.1,0.00,0.00,0.00,0.00,0.00,0.00,0.00,0.00,0.00,0.00,0.00,0.00,0.00,Matches,a801669e
148,Omar Elabdellaoui,no NOR,DFMF,Hull City,24,1991,8,7,615,6.8,0.00,0.00,0.00,0.00,0.00,0.00,0.00,0.00,0.00,0.00,0.00,0.00,0.00,Matches,4f56170e
149,Andrew Eleftheriou,eng ENG,DF,Watford,18,1997,1,0,52,0.6,0.00,0.00,0.00,0.00,0.00,0.00,0.00,0.00,0.00,0.00,0.00,0.00,0.00,Matches,0878b548
150,Ahmed Elmohamady,eg EGY,DFMF,Hull City,28,1987,33,28,2524,28.0,0.00,0.07,0.07,0.00,0.00,0.00,0.11,0.04,0.00,0.07,0.07,0.00,0.07,Matches,615ef733
151,Mohamed Elneny,eg EGY,MF,Arsenal,24,1992,14,8,694,7.7,0.00,0.13,0.13,0.00,0.00,0.00,0.13,0.00,0.00,0.13,0.13,0.00,0.13,Matches,47a34c4f
152,Christian Eriksen,dk DEN,MF,Tottenham,24,1992,36,36,3157,35.1,0.23,0.43,0.66,0.23,0.00,0.00,0.00,0.00,0.23,0.43,0.66,0.23,0.66,Matches,980522ec
153,Bernardo Espinosa,co COL,DF,Middlesbrough,27,1989,11,10,975,10.8,0.00,0.00,0.00,0.00,0.00,0.00,0.19,0.00,0.00,0.00,0.00,0.00,0.00,Matches,4242011c
154,Jonny Evans,nir NIR,DF,West Brom,28,1988,31,30,2637,29.3,0.07,0.07,0.14,0.07,0.00,0.00,0.27,0.00,0.07,0.07,0.14,0.07,0.14,Matches,f8fcd2a5
155,Łukasz Fabiański,pl POL,GK,Swansea City,31,1985,37,37,3330,37.0,0.00,0.00,0.00,0.00,0.00,0.00,0.03,0.00,0.00,0.00,0.00,0.00,0.00,Matches,9328b835
156,Fábio,br BRA,DF,Middlesbrough,26,1990,24,21,1847,20.5,0.00,0.00,0.00,0.00,0.00,0.00,0.39,0.00,0.00,0.00,0.00,0.00,0.00,Matches,bc7b4580
157,Cesc Fàbregas,es ESP,MF,Chelsea,29,1987,29,13,1339,14.9,0.34,0.81,1.14,0.34,0.00,0.00,0.54,0.00,0.34,0.81,1.14,0.34,1.14,Matches,33508c78
158,Adam Federici,au AUS,GK,Bournemouth,31,1985,2,2,180,2.0,0.00,0.00,0.00,0.00,0.00,0.00,0.50,0.00,0.00,0.00,0.00,0.00,0.00,Matches,e5ea8be7
159,Sofiane Feghouli,dz ALG,MFFW,West Ham,26,1989,21,11,1041,11.6,0.26,0.17,0.43,0.26,0.00,0.00,0.09,0.09,0.26,0.17,0.43,0.26,0.43,Matches,691f64f5
160,Marouane Fellaini,be BEL,MF,Manchester Utd,28,1987,28,18,1605,17.8,0.06,0.00,0.06,0.06,0.00,0.00,0.51,0.06,0.06,0.00,0.06,0.06,0.06,Matches,87575fd9
161,Leroy Fer,nl NED,MF,Swansea City,26,1990,34,27,2404,26.7,0.22,0.07,0.30,0.22,0.00,0.00,0.34,0.00,0.22,0.07,0.30,0.22,0.30,Matches,3cefa66a
162,Edimilson Fernandes,ch SUI,MF,West Ham,20,1996,28,8,1001,11.1,0.00,0.09,0.09,0.00,0.00,0.00,0.36,0.00,0.00,0.09,0.09,0.00,0.09,Matches,3bb625ac
163,Federico Fernández,ar ARG,DF,Swansea City,27,1989,27,27,2430,27.0,0.00,0.07,0.07,0.00,0.00,0.00,0.26,0.00,0.00,0.07,0.07,0.00,0.07,Matches,f25b010f
164,Fernandinho,br BRA,MFDF,Manchester City,31,1985,32,31,2756,30.6,0.07,0.03,0.10,0.07,0.00,0.00,0.13,0.07,0.07,0.03,0.10,0.07,0.10,Matches,101da2b5
165,Fernando,br BRA,MFDF,Manchester City,29,1987,15,5,568,6.3,0.00,0.00,0.00,0.00,0.00,0.00,0.48,0.00,0.00,0.00,0.00,0.00,0.00,Matches,41f32541
166,Sam Field,eng ENG,MF,West Brom,18,1998,8,4,275,3.1,0.00,0.00,0.00,0.00,0.00,0.00,0.65,0.00,0.00,0.00,0.00,0.00,0.00,Matches,bd8a7d05
167,Roberto Firmino,br BRA,FW,Liverpool,24,1991,35,34,3062,34.0,0.32,0.21,0.53,0.32,0.00,0.00,0.15,0.00,0.32,0.21,0.53,0.32,0.53,Matches,4c370d81
168,Viktor Fischer,dk DEN,FWMF,Middlesbrough,22,1994,13,6,438,4.9,0.00,0.61,0.61,0.00,0.00,0.00,0.00,0.00,0.00,0.62,0.62,0.00,0.62,Matches,b5920350
169,Mathieu Flamini,fr FRA,MF,Crystal Palace,32,1984,10,3,274,3.0,0.00,0.00,0.00,0.00,0.00,0.00,0.00,0.00,0.00,0.00,0.00,0.00,0.00,Matches,148d4105
170,Jon Flanagan,eng ENG,DF,Burnley,23,1993,6,3,360,4.0,0.00,0.00,0.00,0.00,0.00,0.00,0.50,0.00,0.00,0.00,0.00,0.00,0.00,Matches,f2428fd4
171,Ashley Fletcher,eng ENG,FW,West Ham,20,1995,16,2,367,4.1,0.00,0.00,0.00,0.00,0.00,0.00,0.49,0.00,0.00,0.00,0.00,0.00,0.00,Matches,eeb6551f
172,Darren Fletcher,sct SCO,MF,West Brom,32,1984,38,37,3231,35.9,0.06,0.08,0.14,0.06,0.00,0.00,0.00,0.00,0.06,0.08,0.14,0.06,0.14,Matches,184e4970
173,Michael Folivi,eng ENG,FW,Watford,18,1998,1,0,10,0.1,0.00,0.00,0.00,0.00,0.00,0.00,0.00,0.00,0.00,0.00,0.00,0.00,0.00,Matches,a7b41270
174,José Fonte,pt POR,DF,Southampton,32,1983,17,17,1530,17.0,0.00,0.00,0.00,0.00,0.00,0.00,0.12,0.00,0.00,0.00,0.00,0.00,0.00,Matches,90f87966
175,José Fonte,pt POR,DF,West Ham,32,1983,16,16,1404,15.6,0.00,0.00,0.00,0.00,0.00,0.00,0.13,0.00,0.00,0.00,0.00,0.00,0.00,Matches,90f87966
176,Adam Forshaw,eng ENG,MF,Middlesbrough,24,1991,34,30,2695,29.9,0.00,0.03,0.03,0.00,0.00,0.00,0.13,0.00,0.00,0.03,0.03,0.00,0.03,Matches,9f1938ab
177,Fraser Forster,eng ENG,GK,Southampton,28,1988,38,38,3420,38.0,0.00,0.00,0.00,0.00,0.00,0.00,0.08,0.00,0.00,0.00,0.00,0.00,0.00,Matches,c3e39f12
178,Ben Foster,eng ENG,GK,West Brom,33,1983,38,38,3420,38.0,0.00,0.00,0.00,0.00,0.00,0.00,0.05,0.00,0.00,0.00,0.00,0.00,0.00,Matches,d0b3ceb9
179,Timothy Fosu-Mensah,nl NED,DF,Manchester Utd,18,1998,4,1,97,1.1,0.00,0.00,0.00,0.00,0.00,0.00,0.00,0.00,0.00,0.00,0.00,0.00,0.00,Matches,a9142dc3
180,Simon Francis,eng ENG,DF,Bournemouth,31,1985,34,34,2939,32.7,0.00,0.03,0.03,0.00,0.00,0.00,0.12,0.03,0.00,0.03,0.03,0.00,0.03,Matches,1e0b6a73
181,Ryan Fraser,sct SCO,MF,Bournemouth,22,1994,28,19,1764,19.6,0.15,0.26,0.41,0.15,0.00,0.00,0.15,0.00,0.15,0.26,0.41,0.15,0.41,Matches,d56543a0
182,George Friend,eng ENG,DF,Middlesbrough,28,1987,24,20,1964,21.8,0.00,0.09,0.09,0.00,0.00,0.00,0.18,0.00,0.00,0.09,0.09,0.00,0.09,Matches,4f97147d
183,Zeki Fryers,eng ENG,DF,Crystal Palace,23,1992,8,0,188,2.1,0.00,0.00,0.00,0.00,0.00,0.00,0.00,0.00,0.00,0.00,0.00,0.00,0.00,Matches,f58d6213
184,Christian Fuchs,at AUT,DF,Leicester City,30,1986,36,35,3103,34.5,0.06,0.09,0.14,0.06,0.00,0.00,0.29,0.00,0.06,0.09,0.15,0.06,0.15,Matches,a67a09fb
185,Jay Fulton,sct SCO,MF,Swansea City,22,1994,11,9,690,7.7,0.00,0.00,0.00,0.00,0.00,0.00,0.26,0.00,0.00,0.00,0.00,0.00,0.00,Matches,434ad289
186,Ramiro Funes Mori,ar ARG,DF,Everton,25,1991,23,16,1543,17.1,0.00,0.06,0.06,0.00,0.00,0.00,0.00,0.00,0.00,0.06,0.06,0.00,0.06,Matches,89cbc961
187,Manolo Gabbiadini,it ITA,FW,Southampton,24,1991,11,10,724,8.0,0.50,0.00,0.50,0.50,0.00,0.13,0.13,0.00,0.50,0.00,0.50,0.50,0.50,Matches,8f866fe8
188,Brendan Galloway,zw ZIM,DF,West Brom,20,1996,3,3,247,2.7,0.00,0.00,0.00,0.00,0.00,0.00,0.00,0.00,0.00,0.00,0.00,0.00,0.00,Matches,321506b3
189,Idrissa Gana Gueye,sn SEN,MF,Everton,26,1989,33,32,2681,29.8,0.03,0.03,0.07,0.03,0.00,0.00,0.37,0.00,0.03,0.03,0.07,0.03,0.07,Matches,72c812f3
190,Aleix García,es ESP,MF,Manchester City,19,1997,4,1,77,0.9,0.00,0.00,0.00,0.00,0.00,0.00,0.00,0.00,0.00,0.00,0.00,0.00,0.00,Matches,a10361d2
191,Craig Gardner,eng ENG,MF,West Brom,29,1986,9,2,218,2.4,0.00,0.42,0.42,0.00,0.00,0.00,0.42,0.00,0.00,0.41,0.41,0.00,0.41,Matches,1117b9ff
192,David de Gea,es ESP,GK,Manchester Utd,25,1990,35,35,3150,35.0,0.00,0.00,0.00,0.00,0.00,0.00,0.06,0.00,0.00,0.00,0.00,0.00,0.00,Matches,7ba6d84e
193,Rudy Gestede,bj BEN,FW,Middlesbrough,27,1988,16,4,533,5.9,0.17,0.00,0.17,0.17,0.00,0.00,0.51,0.00,0.17,0.00,0.17,0.17,0.17,Matches,822b3ef9
194,Kieran Gibbs,eng ENG,MFDF,Arsenal,26,1989,11,8,702,7.8,0.00,0.13,0.13,0.00,0.00,0.00,0.38,0.00,0.00,0.13,0.13,0.00,0.13,Matches,46ee5234
195,Ben Gibson,eng ENG,DF,Middlesbrough,23,1993,38,38,3420,38.0,0.03,0.03,0.05,0.03,0.00,0.00,0.11,0.00,0.03,0.03,0.05,0.03,0.05,Matches,bcfb0142
196,Darron Gibson,ie IRL,MF,Sunderland,28,1987,12,7,640,7.1,0.00,0.00,0.00,0.00,0.00,0.00,0.56,0.00,0.00,0.00,0.00,0.00,0.00,Matches,f0e72e1c
197,Olivier Giroud,fr FRA,FW,Arsenal,29,1986,29,11,1206,13.4,0.90,0.22,1.12,0.90,0.00,0.00,0.15,0.00,0.90,0.22,1.12,0.90,1.12,Matches,16ceb862
198,Shay Given,ie IRL,GK,Stoke City,40,1976,5,5,450,5.0,0.00,0.00,0.00,0.00,0.00,0.00,0.20,0.00,0.00,0.00,0.00,0.00,0.00,Matches,0db918ff
199,Evandro Goebel,br BRA,MF,Hull City,29,1986,11,7,576,6.4,0.00,0.00,0.00,0.00,0.00,0.00,0.16,0.00,0.00,0.00,0.00,0.00,0.00,Matches,67dbadfc
200,Angel Gomes,eng ENG,FWMF,Manchester Utd,15,2000,1,0,3,0.0,0,0,0,0,0,0,0,0,0.00,0.00,0.00,0.00,0.00,Matches,645a3363
201,Heurelho Gomes,br BRA,GK,Watford,35,1981,38,38,3337,37.1,0.00,0.00,0.00,0.00,0.00,0.00,0.03,0.00,0.00,0.00,0.00,0.00,0.00,Matches,d596e193
202,Lynden Gooch,us USA,MF,Sunderland,20,1995,11,4,366,4.1,0.00,0.00,0.00,0.00,0.00,0.00,0.73,0.00,0.00,0.00,0.00,0.00,0.00,Matches,1ea00b03
203,Dan Gosling,eng ENG,MF,Bournemouth,26,1990,27,14,1366,15.2,0.13,0.00,0.13,0.13,0.00,0.00,0.39,0.00,0.13,0.00,0.13,0.13,0.13,Matches,7fec31a0
204,Lewis Grabban,eng ENG,FWMF,Bournemouth,28,1988,3,0,60,0.7,0.00,0.00,0.00,0.00,0.00,0.00,0.00,0.00,0.00,0.00,0.00,0.00,0.00,Matches,1a857282
205,Max Gradel,ci CIV,FWMF,Bournemouth,28,1987,11,0,134,1.5,0.00,0.00,0.00,0.00,0.00,0.00,2.00,0.00,0.00,0.00,0.00,0.00,0.00,Matches,c5a500ca
206,Lee Grant,eng ENG,GK,Stoke City,33,1983,28,28,2520,28.0,0.00,0.00,0.00,0.00,0.00,0.00,0.04,0.00,0.00,0.00,0.00,0.00,0.00,Matches,9dab6e3b
207,Andre Gray,jm JAM,FW,Burnley,25,1991,32,26,2259,25.1,0.36,0.12,0.48,0.28,0.08,0.08,0.08,0.00,0.36,0.12,0.48,0.28,0.40,Matches,c24dba2a
208,Demarai Gray,eng ENG,MFFW,Leicester City,20,1996,30,9,1049,11.7,0.09,0.26,0.34,0.09,0.00,0.00,0.17,0.00,0.09,0.26,0.34,0.09,0.34,Matches,4468ec10
209,Kamil Grosicki,pl POL,MF,Hull City,28,1988,15,12,1143,12.7,0.00,0.24,0.24,0.00,0.00,0.00,0.08,0.00,0.00,0.24,0.24,0.00,0.24,Matches,81d8091f
210,Marko Grujić,rs SRB,MF,Liverpool,20,1996,5,0,43,0.5,0.00,0.00,0.00,0.00,0.00,0.00,2.00,0.00,0.00,0.00,0.00,0.00,0.00,Matches,8b8e759d
211,Adlène Guedioura,dz ALG,MF,Watford,30,1985,12,9,721,8.0,0.00,0.00,0.00,0.00,0.00,0.00,0.25,0.00,0.00,0.00,0.00,0.00,0.00,Matches,f75825e3
212,Adlène Guedioura,dz ALG,MF,Middlesbrough,30,1985,5,0,140,1.6,0.00,0.00,0.00,0.00,0.00,0.00,0.00,0.00,0.00,0.00,0.00,0.00,0.00,Matches,f75825e3
213,İlkay Gündoğan,de GER,MF,Manchester City,25,1990,10,9,704,7.8,0.38,0.13,0.51,0.38,0.00,0.00,0.00,0.00,0.38,0.13,0.51,0.38,0.51,Matches,819b3158
214,Brad Guzan,us USA,GK,Middlesbrough,31,1984,10,10,900,10.0,0.00,0.00,0.00,0.00,0.00,0.00,0.00,0.00,0.00,0.00,0.00,0.00,0.00,Matches,d899e3bf
215,Josh Harrop,eng ENG,FW,Manchester Utd,20,1995,1,1,90,1.0,1.00,0.00,1.00,1.00,0.00,0.00,0.00,0.00,1.00,0.00,1.00,1.00,1.00,Matches,00e1cf8f
216,Eden Hazard,be BEL,FWMF,Chelsea,25,1991,36,36,2982,33.1,0.48,0.15,0.63,0.42,0.06,0.09,0.09,0.00,0.48,0.15,0.63,0.42,0.57,Matches,a39bb753
217,Tom Heaton,eng ENG,GK,Burnley,30,1986,35,35,3150,35.0,0.00,0.00,0.00,0.00,0.00,0.00,0.03,0.00,0.00,0.00,0.00,0.00,0.00,Matches,a6de6361
218,Jordan Henderson,eng ENG,MF,Liverpool,26,1990,24,24,2116,23.5,0.04,0.17,0.21,0.04,0.00,0.00,0.34,0.00,0.04,0.17,0.21,0.04,0.21,Matches,935e6b8f
219,Jeff Hendrick,ie IRL,MF,Burnley,24,1992,32,31,2692,29.9,0.07,0.03,0.10,0.07,0.00,0.00,0.20,0.03,0.07,0.03,0.10,0.07,0.10,Matches,989d5705
220,Wayne Hennessey,wls WAL,GK,Crystal Palace,29,1987,29,29,2610,29.0,0.00,0.00,0.00,0.00,0.00,0.00,0.03,0.00,0.00,0.00,0.00,0.00,0.00,Matches,76eca7e2
221,Markus Henriksen,no NOR,MF,Hull City,24,1992,15,6,638,7.1,0.00,0.00,0.00,0.00,0.00,0.00,0.14,0.00,0.00,0.00,0.00,0.00,0.00,Matches,26acecd2
222,Abel Hernández,uy URU,FW,Hull City,25,1990,24,16,1425,15.8,0.25,0.19,0.44,0.25,0.00,0.00,0.00,0.00,0.25,0.19,0.44,0.25,0.44,Matches,a36da810
223,Luis Hernández,es ESP,DF,Leicester City,27,1989,4,3,327,3.6,0.00,0.00,0.00,0.00,0.00,0.00,0.28,0.00,0.00,0.00,0.00,0.00,0.00,Matches,02d2c436
224,Ander Herrera,es ESP,MF,Manchester Utd,26,1989,31,27,2464,27.4,0.04,0.18,0.22,0.04,0.00,0.00,0.22,0.07,0.04,0.18,0.22,0.04,0.22,Matches,436a9dd0
225,Son Heung-min,kr KOR,MFFW,Tottenham,24,1992,34,23,2062,22.9,0.61,0.26,0.87,0.61,0.00,0.00,0.09,0.00,0.61,0.26,0.87,0.61,0.87,Matches,92e7e919
226,Rob Holding,eng ENG,DF,Arsenal,20,1995,9,9,810,9.0,0.00,0.00,0.00,0.00,0.00,0.00,0.33,0.00,0.00,0.00,0.00,0.00,0.00,Matches,d79a8c87
227,José Holebas,gr GRE,DFMF,Watford,32,1984,33,33,2905,32.3,0.06,0.12,0.19,0.06,0.00,0.00,0.43,0.00,0.06,0.12,0.19,0.06,0.19,Matches,12aa7661
228,Mason Holgate,eng ENG,DF,Everton,19,1996,18,16,1372,15.2,0.00,0.07,0.07,0.00,0.00,0.00,0.13,0.00,0.00,0.07,0.07,0.00,0.07,Matches,d0042ab9
229,George Honeyman,eng ENG,MF,Sunderland,21,1994,5,2,235,2.6,0.00,0.00,0.00,0.00,0.00,0.00,0.38,0.00,0.00,0.00,0.00,0.00,0.00,Matches,84afeaff
230,Tom Huddlestone,eng ENG,MF,Hull City,29,1986,31,23,2026,22.5,0.04,0.00,0.04,0.00,0.04,0.04,0.22,0.04,0.04,0.00,0.04,0.00,0.00,Matches,464cbbc9
231,James Husband,eng ENG,DF,Middlesbrough,22,1994,1,1,58,0.6,0.00,0.00,0.00,0.00,0.00,0.00,0.00,0.00,0.00,0.00,0.00,0.00,0.00,Matches,33e2d513
232,Robert Huth,de GER,DF,Leicester City,31,1984,33,33,2926,32.5,0.06,0.03,0.09,0.06,0.00,0.00,0.28,0.00,0.06,0.03,0.09,0.06,0.09,Matches,0bd1ea64
233,Pierre Højbjerg,dk DEN,MF,Southampton,20,1995,22,14,1301,14.5,0.00,0.00,0.00,0.00,0.00,0.00,0.14,0.00,0.00,0.00,0.00,0.00,0.00,Matches,8b04d6c1
234,Jordon Ibe,eng ENG,MFFW,Bournemouth,20,1995,25,13,1055,11.7,0.00,0.00,0.00,0.00,0.00,0.00,0.00,0.00,0.00,0.00,0.00,0.00,0.00,Matches,9f736ed2
235,Didier Ibrahim Ndong,ga GAB,MF,Sunderland,22,1994,31,27,2520,28.0,0.04,0.00,0.04,0.04,0.00,0.00,0.18,0.00,0.04,0.00,0.04,0.04,0.04,Matches,885b7aa7
236,Zlatan Ibrahimović,se SWE,FW,Manchester Utd,34,1981,28,27,2438,27.1,0.63,0.18,0.81,0.55,0.07,0.11,0.26,0.00,0.63,0.18,0.81,0.55,0.74,Matches,4cde5509
237,Odion Ighalo,ng NGA,FW,Watford,27,1989,18,14,1291,14.3,0.07,0.00,0.07,0.07,0.00,0.00,0.07,0.00,0.07,0.00,0.07,0.07,0.07,Matches,03622183
238,Kelechi Iheanacho,ng NGA,FW,Manchester City,19,1996,20,5,537,6.0,0.67,0.50,1.17,0.67,0.00,0.00,0.00,0.00,0.67,0.50,1.17,0.67,1.17,Matches,c92e1a31
239,Giannelli Imbula,cd COD,MF,Stoke City,23,1992,12,9,796,8.8,0.00,0.00,0.00,0.00,0.00,0.00,0.11,0.00,0.00,0.00,0.00,0.00,0.00,Matches,b86fe156
240,Branislav Ivanović,rs SRB,DF,Chelsea,32,1984,13,6,589,6.5,0.00,0.00,0.00,0.00,0.00,0.00,0.31,0.00,0.00,0.00,0.00,0.00,0.00,Matches,85f8571a
241,Alex Iwobi,ng NGA,MF,Arsenal,20,1996,26,18,1456,16.2,0.19,0.25,0.43,0.19,0.00,0.00,0.06,0.00,0.19,0.25,0.43,0.19,0.43,Matches,6ca5ec4b
242,Phil Jagielka,eng ENG,DF,Everton,33,1982,27,25,2250,25.0,0.12,0.08,0.20,0.12,0.00,0.00,0.20,0.08,0.12,0.08,0.20,0.12,0.20,Matches,3233eefd
243,Eldin Jakupović,ch SUI,GK,Hull City,31,1984,22,22,1980,22.0,0.00,0.00,0.00,0.00,0.00,0.00,0.00,0.00,0.00,0.00,0.00,0.00,0.00,Matches,1148323a
244,Matty James,eng ENG,MF,Leicester City,25,1991,1,0,1,0.0,0,0,0,0,0,0,0,0,0.00,0.00,0.00,0.00,0.00,Matches,ebd0a048
245,Daryl Janmaat,nl NED,MFDF,Watford,27,1989,27,18,1617,18.0,0.11,0.06,0.17,0.11,0.00,0.00,0.11,0.00,0.11,0.06,0.17,0.11,0.17,Matches,45da6694
246,Vincent Janssen,nl NED,FW,Tottenham,22,1994,27,7,845,9.4,0.21,0.21,0.43,0.11,0.11,0.11,0.00,0.00,0.21,0.21,0.43,0.11,0.32,Matches,31dce0c8
247,Adnan Januzaj,be BEL,MFFW,Sunderland,21,1995,25,18,1629,18.1,0.00,0.11,0.11,0.00,0.00,0.00,0.22,0.11,0.00,0.11,0.11,0.00,0.11,Matches,4737cebe
248,Mile Jedinak,au AUS,MF,Crystal Palace,31,1984,1,1,90,1.0,0.00,0.00,0.00,0.00,0.00,0.00,0.00,0.00,0.00,0.00,0.00,0.00,0.00,Matches,22fd2214
249,Carl Jenkinson,eng ENG,DF,Arsenal,24,1992,1,1,82,0.9,0.00,0.00,0.00,0.00,0.00,0.00,0.00,0.00,0.00,0.00,0.00,0.00,0.00,Matches,874125a3
250,Gabriel Jesus,br BRA,FWMF,Manchester City,19,1997,10,8,650,7.2,0.97,0.56,1.53,0.83,0.14,0.14,0.28,0.00,0.97,0.55,1.52,0.83,1.38,Matches,b66315ae
251,Glen Johnson,eng ENG,DF,Stoke City,31,1984,23,21,1957,21.7,0.00,0.00,0.00,0.00,0.00,0.00,0.05,0.00,0.00,0.00,0.00,0.00,0.00,Matches,8cceca90
252,Billy Jones,eng ENG,DFMF,Sunderland,29,1987,27,25,2270,25.2,0.04,0.00,0.04,0.04,0.00,0.00,0.32,0.00,0.04,0.00,0.04,0.04,0.04,Matches,aa3cb1ad
253,David Jones,eng ENG,MF,Burnley,31,1984,1,1,86,1.0,0.00,0.00,0.00,0.00,0.00,0.00,1.00,0.00,0.00,0.00,0.00,0.00,0.00,Matches,2f0edbe7
254,Phil Jones,eng ENG,DF,Manchester Utd,24,1992,18,18,1584,17.6,0.00,0.00,0.00,0.00,0.00,0.00,0.11,0.00,0.00,0.00,0.00,0.00,0.00,Matches,def899bd
255,Lukas Jutkiewicz,eng ENG,FW,Burnley,27,1989,2,0,13,0.1,0.00,0.00,0.00,0.00,0.00,0.00,0.00,0.00,0.00,0.00,0.00,0.00,0.00,Matches,3943a06f
256,Christian Kabasele,be BEL,DFMF,Watford,25,1991,16,7,771,8.6,0.23,0.00,0.23,0.23,0.00,0.00,0.12,0.00,0.23,0.00,0.23,0.23,0.23,Matches,914ab9a1
257,Younès Kaboul,fr FRA,DF,Watford,30,1986,22,22,1820,20.2,0.10,0.00,0.10,0.10,0.00,0.00,0.10,0.00,0.10,0.00,0.10,0.10,0.10,Matches,3680d723
258,Younès Kaboul,fr FRA,DF,Sunderland,30,1986,1,1,90,1.0,0.00,0.00,0.00,0.00,0.00,0.00,0.00,0.00,0.00,0.00,0.00,0.00,0.00,Matches,3680d723
259,Sullay Kaikai,sl SLE,FWMF,Crystal Palace,20,1995,1,0,24,0.3,0.00,0.00,0.00,0.00,0.00,0.00,0.00,0.00,0.00,0.00,0.00,0.00,0.00,Matches,fc166e49
260,Harry Kane,eng ENG,FW,Tottenham,23,1993,30,29,2521,28.0,1.04,0.18,1.21,0.86,0.18,0.21,0.11,0.00,1.04,0.18,1.21,0.86,1.04,Matches,21a66f6a
261,N'Golo Kanté,fr FRA,MF,Chelsea,25,1991,35,35,3138,34.9,0.03,0.03,0.06,0.03,0.00,0.00,0.26,0.00,0.03,0.03,0.06,0.03,0.06,Matches,b9fbae28
262,Loris Karius,de GER,GK,Liverpool,23,1993,10,10,900,10.0,0.00,0.00,0.00,0.00,0.00,0.00,0.00,0.00,0.00,0.00,0.00,0.00,0.00,Matches,32e7ce92
263,Michael Keane,eng ENG,DF,Burnley,23,1993,35,35,3150,35.0,0.06,0.03,0.09,0.06,0.00,0.00,0.11,0.00,0.06,0.03,0.09,0.06,0.09,Matches,c5b7c315
264,Will Keane,ie IRL,FW,Hull City,23,1993,5,4,280,3.1,0.00,0.00,0.00,0.00,0.00,0.00,0.00,0.00,0.00,0.00,0.00,0.00,0.00,Matches,fc7f8f87
265,Martin Kelly,eng ENG,DF,Crystal Palace,26,1990,29,25,2123,23.6,0.00,0.08,0.08,0.00,0.00,0.00,0.17,0.00,0.00,0.08,0.08,0.00,0.08,Matches,d7492450
266,Kenedy,br BRA,FWMF,Watford,20,1996,1,0,16,0.2,0.00,0.00,0.00,0.00,0.00,0.00,0.00,0.00,0.00,0.00,0.00,0.00,0.00,Matches,5eebbfdf
267,Kenedy,br BRA,MF,Chelsea,20,1996,1,1,74,0.8,0.00,0.00,0.00,0.00,0.00,0.00,0.00,0.00,0.00,0.00,0.00,0.00,0.00,Matches,5eebbfdf
268,Jonjoe Kenny,eng ENG,DFFW,Everton,19,1997,1,0,13,0.1,0.00,0.00,0.00,0.00,0.00,0.00,0.00,0.00,0.00,0.00,0.00,0.00,0.00,Matches,099e666f
269,Wahbi Khazri,tn TUN,MFFW,Sunderland,25,1991,21,7,849,9.4,0.11,0.00,0.11,0.11,0.00,0.00,0.64,0.00,0.11,0.00,0.11,0.11,0.11,Matches,2677a1de
270,Michael Kightly,eng ENG,MF,Burnley,30,1986,5,1,104,1.2,0.00,0.00,0.00,0.00,0.00,0.00,0.00,0.00,0.00,0.00,0.00,0.00,0.00,Matches,26e5c484
271,Andy King,wls WAL,MF,Leicester City,27,1988,23,15,1446,16.1,0.06,0.00,0.06,0.06,0.00,0.00,0.25,0.00,0.06,0.00,0.06,0.06,0.06,Matches,d790907f
272,Joshua King,no NOR,MFFW,Bournemouth,24,1992,36,31,2713,30.1,0.53,0.07,0.60,0.47,0.07,0.10,0.03,0.00,0.53,0.07,0.60,0.46,0.53,Matches,43458538
273,Stephen Kingsley,sct SCO,DF,Swansea City,22,1994,13,12,1036,11.5,0.00,0.09,0.09,0.00,0.00,0.00,0.00,0.00,0.00,0.09,0.09,0.00,0.09,Matches,488cc9c7
274,Jan Kirchhoff,de GER,MF,Sunderland,25,1990,7,5,433,4.8,0.00,0.00,0.00,0.00,0.00,0.00,0.21,0.00,0.00,0.00,0.00,0.00,0.00,Matches,a14d04e3
275,Ragnar Klavan,ee EST,DF,Liverpool,30,1985,20,15,1410,15.7,0.00,0.00,0.00,0.00,0.00,0.00,0.19,0.00,0.00,0.00,0.00,0.00,0.00,Matches,008a6e6d
276,Aleksandar Kolarov,rs SRB,DF,Manchester City,30,1985,29,27,2535,28.2,0.04,0.07,0.11,0.04,0.00,0.00,0.21,0.00,0.04,0.07,0.11,0.04,0.11,Matches,eda40760
277,Vincent Kompany,be BEL,DF,Manchester City,30,1986,11,10,820,9.1,0.33,0.00,0.33,0.33,0.00,0.00,0.55,0.00,0.33,0.00,0.33,0.33,0.33,Matches,d2bff301
278,Arouna Koné,ci CIV,FW,Everton,32,1983,5,0,70,0.8,0.00,0.00,0.00,0.00,0.00,0.00,0.00,0.00,0.00,0.00,0.00,0.00,0.00,Matches,f9a72ca4
279,Lamine Koné,ci CIV,DF,Sunderland,27,1989,30,29,2545,28.3,0.04,0.00,0.04,0.04,0.00,0.00,0.14,0.00,0.04,0.00,0.04,0.04,0.04,Matches,a46472d0
280,Laurent Koscielny,fr FRA,DF,Arsenal,30,1985,33,33,2822,31.4,0.06,0.00,0.06,0.06,0.00,0.00,0.13,0.03,0.06,0.00,0.06,0.06,0.06,Matches,f5efb153
281,Cheikhou Kouyaté,sn SEN,MFDF,West Ham,26,1989,31,31,2722,30.2,0.03,0.00,0.03,0.03,0.00,0.00,0.10,0.00,0.03,0.00,0.03,0.03,0.03,Matches,8d3c902d
282,Bojan Krkić,es ESP,MFFW,Stoke City,25,1990,9,5,475,5.3,0.57,0.00,0.57,0.19,0.38,0.57,0.19,0.00,0.57,0.00,0.57,0.19,0.19,Matches,9fa0a0b8
283,Adam Lallana,eng ENG,MFFW,Liverpool,28,1988,31,27,2348,26.1,0.31,0.23,0.54,0.31,0.00,0.00,0.11,0.00,0.31,0.23,0.54,0.31,0.54,Matches,99813635
284,Rickie Lambert,eng ENG,FW,West Brom,34,1982,1,0,13,0.1,0.00,0.00,0.00,0.00,0.00,0.00,0.00,0.00,0.00,0.00,0.00,0.00,0.00,Matches,495de82c
285,Érik Lamela,ar ARG,MF,Tottenham,24,1992,9,6,594,6.6,0.15,0.45,0.61,0.15,0.00,0.15,0.15,0.00,0.15,0.45,0.61,0.15,0.61,Matches,abe66106
286,Manuel Lanzini,ar ARG,MF,West Ham,23,1993,35,31,2706,30.1,0.27,0.07,0.33,0.20,0.07,0.07,0.30,0.00,0.27,0.07,0.33,0.20,0.27,Matches,26f6dca8
287,Seb Larsson,se SWE,MF,Sunderland,31,1985,21,17,1469,16.3,0.00,0.06,0.06,0.00,0.00,0.00,0.25,0.06,0.00,0.06,0.06,0.00,0.06,Matches,b26efc36
288,Grant Leadbitter,eng ENG,MF,Middlesbrough,30,1986,13,7,710,7.9,0.13,0.00,0.13,0.13,0.00,0.00,0.13,0.00,0.13,0.00,0.13,0.13,0.13,Matches,516f7fc1
289,Joe Ledley,wls WAL,MF,Crystal Palace,29,1987,18,13,1160,12.9,0.08,0.08,0.16,0.08,0.00,0.00,0.08,0.00,0.08,0.08,0.16,0.08,0.16,Matches,c221f149
290,Lucas Leiva,br BRA,MFDF,Liverpool,29,1987,24,12,1112,12.4,0.00,0.16,0.16,0.00,0.00,0.00,0.32,0.00,0.00,0.16,0.16,0.00,0.16,Matches,4c78b5ed
291,Jonathan Leko,eng ENG,FWMF,West Brom,17,1999,9,0,181,2.0,0.00,0.50,0.50,0.00,0.00,0.00,0.00,0.00,0.00,0.50,0.50,0.00,0.50,Matches,76b5cbbd
292,Aaron Lennon,eng ENG,MFFW,Everton,29,1987,11,6,509,5.7,0.00,0.18,0.18,0.00,0.00,0.00,0.00,0.00,0.00,0.18,0.18,0.00,0.18,Matches,2ff964a0
293,Jeremain Lens,nl NED,FWMF,Sunderland,28,1987,2,0,69,0.8,0.00,0.00,0.00,0.00,0.00,0.00,0.00,0.00,0.00,0.00,0.00,0.00,0.00,Matches,6f1721f0
294,Joleon Lescott,eng ENG,DF,Sunderland,33,1982,2,1,124,1.4,0.00,0.00,0.00,0.00,0.00,0.00,0.00,0.00,0.00,0.00,0.00,0.00,0.00,Matches,62393d3b
295,Filip Lesniak,sk SVK,MF,Tottenham,20,1996,1,0,5,0.1,0.00,0.00,0.00,0.00,0.00,0.00,0.00,0.00,0.00,0.00,0.00,0.00,0.00,Matches,5348fe7c
296,Jesse Lingard,eng ENG,MFFW,Manchester Utd,23,1992,25,18,1360,15.1,0.07,0.07,0.13,0.07,0.00,0.00,0.20,0.00,0.07,0.07,0.13,0.07,0.13,Matches,810e3c74
297,Jake Livermore,eng ENG,MF,West Brom,26,1989,16,15,1301,14.5,0.00,0.00,0.00,0.00,0.00,0.00,0.14,0.00,0.00,0.00,0.00,0.00,0.00,Matches,b98570d1
298,Jake Livermore,eng ENG,MFDF,Hull City,26,1989,21,20,1670,18.6,0.05,0.00,0.05,0.05,0.00,0.00,0.16,0.05,0.05,0.00,0.05,0.05,0.05,Matches,b98570d1
299,Fernando Llorente,es ESP,FW,Swansea City,31,1985,33,28,2442,27.1,0.55,0.04,0.59,0.55,0.00,0.00,0.07,0.00,0.55,0.04,0.59,0.55,0.59,Matches,82dbf623
300,Hugo Lloris,fr FRA,GK,Tottenham,29,1986,34,34,3004,33.4,0.00,0.00,0.00,0.00,0.00,0.00,0.00,0.00,0.00,0.00,0.00,0.00,0.00,Matches,8f62b6ee
301,Ruben Loftus-Cheek,eng ENG,MF,Chelsea,20,1996,6,0,35,0.4,0.00,0.00,0.00,0.00,0.00,0.00,0.00,0.00,0.00,0.00,0.00,0.00,0.00,Matches,e97fd090
302,Kevin Long,ie IRL,DF,Burnley,25,1990,3,3,270,3.0,0.00,0.00,0.00,0.00,0.00,0.00,0.00,0.00,0.00,0.00,0.00,0.00,0.00,Matches,5a4280b1
303,Shane Long,ie IRL,FW,Southampton,29,1987,32,10,1321,14.7,0.20,0.14,0.34,0.20,0.00,0.07,0.14,0.00,0.20,0.14,0.34,0.20,0.34,Matches,9f472354
304,Ademola Lookman,ng NGA,FW,Everton,18,1997,8,3,289,3.2,0.31,0.00,0.31,0.31,0.00,0.00,0.00,0.00,0.31,0.00,0.31,0.31,0.31,Matches,7c104bb7
305,Donald Love,sct SCO,DF,Sunderland,21,1994,12,6,611,6.8,0.00,0.15,0.15,0.00,0.00,0.00,0.15,0.00,0.00,0.15,0.15,0.00,0.15,Matches,160599ed
306,Dejan Lovren,hr CRO,DF,Liverpool,27,1989,29,29,2553,28.4,0.07,0.04,0.11,0.07,0.00,0.00,0.21,0.00,0.07,0.04,0.11,0.07,0.11,Matches,1a2935f6
307,Matthew Lowton,eng ENG,DF,Burnley,27,1989,36,36,3240,36.0,0.00,0.06,0.06,0.00,0.00,0.00,0.25,0.00,0.00,0.06,0.06,0.00,0.06,Matches,9a9c05db
308,David Luiz,br BRA,DF,Chelsea,29,1987,33,33,2954,32.8,0.03,0.00,0.03,0.03,0.00,0.00,0.18,0.00,0.03,0.00,0.03,0.03,0.03,Matches,c0e27d1a
309,Romelu Lukaku,be BEL,FW,Everton,23,1993,37,36,3266,36.3,0.69,0.17,0.85,0.66,0.03,0.03,0.08,0.00,0.69,0.17,0.85,0.66,0.83,Matches,5eae500a
310,Harry Maguire,eng ENG,DF,Hull City,23,1993,29,25,2307,25.6,0.08,0.04,0.12,0.08,0.00,0.00,0.20,0.00,0.08,0.04,0.12,0.08,0.12,Matches,d8931174
311,Riyad Mahrez,dz ALG,MF,Leicester City,25,1991,36,33,2825,31.4,0.19,0.13,0.32,0.10,0.10,0.16,0.13,0.00,0.19,0.13,0.32,0.10,0.22,Matches,892d5bb1
312,Ainsley Maitland-Niles,eng ENG,DFFW,Arsenal,18,1997,1,0,2,0.0,0,0,0,0,0,0,0,0,0.00,0.00,0.00,0.00,0.00,Matches,e3a5814e
313,Shaun Maloney,sct SCO,MF,Hull City,33,1983,9,2,283,3.1,0.32,0.65,0.97,0.32,0.00,0.00,0.00,0.00,0.32,0.64,0.95,0.32,0.95,Matches,0558e236
314,Steve Mandanda,fr FRA,GK,Crystal Palace,31,1985,9,9,810,9.0,0.00,0.00,0.00,0.00,0.00,0.00,0.00,0.00,0.00,0.00,0.00,0.00,0.00,Matches,1d2d5cc8
315,Sadio Mané,sn SEN,FW,Liverpool,24,1992,27,26,2235,24.8,0.52,0.20,0.73,0.52,0.00,0.00,0.16,0.00,0.52,0.20,0.72,0.52,0.72,Matches,c691bfe2
316,Vito Mannone,it ITA,GK,Sunderland,28,1988,9,9,810,9.0,0.00,0.00,0.00,0.00,0.00,0.00,0.00,0.00,0.00,0.00,0.00,0.00,0.00,Matches,c4173f1a
317,Javier Manquillo,es ESP,DFMF,Sunderland,22,1994,20,15,1430,15.9,0.06,0.00,0.06,0.06,0.00,0.00,0.13,0.00,0.06,0.00,0.06,0.06,0.06,Matches,758dd7f0
318,Adrian Mariappa,jm JAM,DF,Watford,29,1986,7,6,562,6.2,0.00,0.00,0.00,0.00,0.00,0.00,0.00,0.00,0.00,0.00,0.00,0.00,0.00,Matches,8aa5f52c
319,Lazar Marković,rs SRB,MF,Hull City,22,1994,12,12,1005,11.2,0.18,0.00,0.18,0.18,0.00,0.00,0.36,0.00,0.18,0.00,0.18,0.18,0.18,Matches,723ba189
320,Dean Marney,eng ENG,MF,Burnley,32,1984,21,21,1764,19.6,0.05,0.10,0.15,0.05,0.00,0.00,0.36,0.00,0.05,0.10,0.15,0.05,0.15,Matches,b3379356
321,David Marshall,sct SCO,GK,Hull City,31,1985,16,16,1440,16.0,0.00,0.00,0.00,0.00,0.00,0.00,0.00,0.00,0.00,0.00,0.00,0.00,0.00,Matches,4d93d433
322,Anthony Martial,fr FRA,MFFW,Manchester Utd,20,1995,25,18,1554,17.3,0.23,0.29,0.52,0.23,0.00,0.00,0.12,0.00,0.23,0.29,0.52,0.23,0.52,Matches,8b788c01
323,Cuco Martina,cw CUW,DF,Southampton,26,1989,9,6,592,6.6,0.00,0.00,0.00,0.00,0.00,0.00,0.00,0.00,0.00,0.00,0.00,0.00,0.00,Matches,22551915
324,Emiliano Martínez,ar ARG,GK,Arsenal,23,1992,2,2,180,2.0,0.00,0.00,0.00,0.00,0.00,0.00,0.00,0.00,0.00,0.00,0.00,0.00,0.00,Matches,7956236f
325,Bruno Martins Indi,nl NED,DF,Stoke City,24,1992,35,35,3146,35.0,0.03,0.00,0.03,0.03,0.00,0.00,0.11,0.00,0.03,0.00,0.03,0.03,0.03,Matches,7bc34048
326,Brandon Mason,eng ENG,DF,Watford,18,1997,2,1,113,1.3,0.00,0.00,0.00,0.00,0.00,0.00,0.00,0.00,0.00,0.00,0.00,0.00,0.00,Matches,1415840f
327,Ryan Mason,eng ENG,MF,Hull City,25,1991,16,11,927,10.3,0.10,0.10,0.19,0.10,0.00,0.00,0.39,0.00,0.10,0.10,0.19,0.10,0.19,Matches,c8fac933
328,Arthur Masuaku,cd COD,DFMF,West Ham,22,1993,13,11,972,10.8,0.00,0.09,0.09,0.00,0.00,0.00,0.09,0.00,0.00,0.09,0.09,0.00,0.09,Matches,57df7a11
329,Juan Mata,es ESP,MFFW,Manchester Utd,28,1988,25,19,1614,17.9,0.34,0.17,0.50,0.34,0.00,0.00,0.17,0.00,0.33,0.17,0.50,0.33,0.50,Matches,29733c72
330,Nemanja Matić,rs SRB,MF,Chelsea,27,1988,35,30,2694,29.9,0.03,0.23,0.27,0.03,0.00,0.00,0.13,0.00,0.03,0.23,0.27,0.03,0.27,Matches,eb7822d7
331,Joël Matip,cm CMR,DF,Liverpool,24,1991,29,27,2457,27.3,0.04,0.00,0.04,0.04,0.00,0.00,0.11,0.00,0.04,0.00,0.04,0.04,0.04,Matches,b217ef29
332,Alfie Mawson,eng ENG,DF,Swansea City,22,1994,27,27,2430,27.0,0.15,0.00,0.15,0.15,0.00,0.00,0.04,0.00,0.15,0.00,0.15,0.15,0.15,Matches,d368feb8
333,Dieumerci Mbokani,cd COD,FW,Hull City,30,1985,12,8,764,8.5,0.00,0.12,0.12,0.00,0.00,0.00,0.00,0.00,0.00,0.12,0.12,0.00,0.12,Matches,d9847696
334,James McArthur,sct SCO,MF,Crystal Palace,28,1987,29,24,1999,22.2,0.23,0.14,0.36,0.23,0.00,0.00,0.23,0.00,0.23,0.14,0.36,0.23,0.36,Matches,cee31595
335,Gareth McAuley,nir NIR,DF,West Brom,36,1979,36,36,3140,34.9,0.17,0.03,0.20,0.17,0.00,0.00,0.14,0.00,0.17,0.03,0.20,0.17,0.20,Matches,ac7d7378
336,Oliver McBurnie,sct SCO,FW,Swansea City,20,1996,5,0,82,0.9,0.00,0.00,0.00,0.00,0.00,0.00,0.00,0.00,0.00,0.00,0.00,0.00,0.00,Matches,78b8ac63
337,James McCarthy,ie IRL,MF,Everton,25,1990,12,7,613,6.8,0.15,0.15,0.29,0.15,0.00,0.00,0.29,0.00,0.15,0.15,0.29,0.15,0.29,Matches,64b08de7
338,James McClean,ie IRL,MFFW,West Brom,27,1989,34,13,1477,16.4,0.06,0.12,0.18,0.06,0.00,0.00,0.55,0.00,0.06,0.12,0.18,0.06,0.18,Matches,53538b39
339,Paddy McNair,nir NIR,MF,Sunderland,21,1995,9,5,353,3.9,0.00,0.00,0.00,0.00,0.00,0.00,0.00,0.00,0.00,0.00,0.00,0.00,0.00,Matches,8ac454b5
340,Sam McQueen,eng ENG,DF,Southampton,21,1995,13,5,616,6.8,0.00,0.00,0.00,0.00,0.00,0.00,0.00,0.00,0.00,0.00,0.00,0.00,0.00,Matches,b27b49b4
341,Scott McTominay,sct SCO,MF,Manchester Utd,19,1996,2,1,97,1.1,0.00,0.00,0.00,0.00,0.00,0.00,0.91,0.00,0.00,0.00,0.00,0.00,0.00,Matches,d93c2511
342,Ben Mee,eng ENG,DF,Burnley,26,1989,34,34,3015,33.5,0.03,0.00,0.03,0.03,0.00,0.00,0.15,0.00,0.03,0.00,0.03,0.03,0.03,Matches,8df7a2fb
343,Memphis,nl NED,FWMF,Manchester Utd,22,1994,4,0,24,0.3,0.00,0.00,0.00,0.00,0.00,0.00,3.33,0.00,0.00,0.00,0.00,0.00,0.00,Matches,8f696594
344,Nampalys Mendy,sn SEN,MF,Leicester City,24,1992,4,4,269,3.0,0.00,0.00,0.00,0.00,0.00,0.00,0.33,0.00,0.00,0.00,0.00,0.00,0.00,Matches,1598599e
345,Per Mertesacker,de GER,DF,Arsenal,31,1984,1,0,38,0.4,0.00,0.00,0.00,0.00,0.00,0.00,0.00,0.00,0.00,0.00,0.00,0.00,0.00,Matches,5be28712
346,David Meyler,ie IRL,MFDF,Hull City,27,1989,20,9,962,10.7,0.09,0.09,0.19,0.09,0.00,0.00,0.19,0.00,0.09,0.09,0.19,0.09,0.19,Matches,8ea6417a
347,Simon Mignolet,be BEL,GK,Liverpool,28,1988,28,28,2520,28.0,0.00,0.00,0.00,0.00,0.00,0.00,0.00,0.00,0.00,0.00,0.00,0.00,0.00,Matches,d436eb94
348,Luka Milivojević,rs SRB,MF,Crystal Palace,25,1991,14,14,1224,13.6,0.15,0.07,0.22,0.00,0.15,0.15,0.29,0.00,0.15,0.07,0.22,0.00,0.07,Matches,2ce2508a
349,James Milner,eng ENG,DF,Liverpool,30,1986,36,36,3154,35.0,0.20,0.09,0.29,0.00,0.20,0.23,0.14,0.00,0.20,0.09,0.29,0.00,0.09,Matches,2f90f6b8
350,Tyrone Mings,eng ENG,DF,Bournemouth,23,1993,7,5,506,5.6,0.00,0.00,0.00,0.00,0.00,0.00,0.00,0.00,0.00,0.00,0.00,0.00,0.00,Matches,8397a50c
351,Kevin Mirallas,be BEL,FWMF,Everton,28,1987,35,23,2074,23.0,0.17,0.30,0.48,0.17,0.00,0.00,0.09,0.00,0.17,0.30,0.48,0.17,0.48,Matches,aa51343f
352,Demetri Mitchell,eng ENG,DF,Manchester Utd,19,1997,1,1,90,1.0,0.00,0.00,0.00,0.00,0.00,0.00,0.00,0.00,0.00,0.00,0.00,0.00,0.00,Matches,c286f3c2
353,Henrikh Mkhitaryan,am ARM,FWMF,Manchester Utd,27,1989,24,15,1348,15.0,0.27,0.07,0.33,0.27,0.00,0.00,0.07,0.00,0.27,0.07,0.33,0.27,0.33,Matches,dd0daf32
354,Nacho Monreal,es ESP,DF,Arsenal,30,1986,36,35,3153,35.0,0.00,0.06,0.06,0.00,0.00,0.00,0.14,0.00,0.00,0.06,0.06,0.00,0.06,Matches,d4cb83cc
355,Jefferson Montero,ec ECU,MFFW,Swansea City,26,1989,13,2,489,5.4,0.00,0.19,0.19,0.00,0.00,0.00,0.00,0.00,0.00,0.18,0.18,0.00,0.18,Matches,fa6561bf
356,Alberto Moreno,es ESP,DF,Liverpool,24,1992,12,2,305,3.4,0.00,0.00,0.00,0.00,0.00,0.00,0.29,0.00,0.00,0.00,0.00,0.00,0.00,Matches,11b9265b
357,Wes Morgan,jm JAM,DF,Leicester City,32,1984,27,27,2430,27.0,0.04,0.00,0.04,0.04,0.00,0.00,0.11,0.00,0.04,0.00,0.04,0.04,0.04,Matches,80c31c97
358,James Morrison,sct SCO,MF,West Brom,30,1986,31,17,1740,19.3,0.26,0.10,0.36,0.26,0.00,0.00,0.16,0.00,0.26,0.10,0.36,0.26,0.36,Matches,21a66e33
359,Victor Moses,ng NGA,MF,Chelsea,25,1990,34,29,2483,27.6,0.11,0.07,0.18,0.11,0.00,0.00,0.14,0.00,0.11,0.07,0.18,0.11,0.18,Matches,e726e11e
360,Lys Mousset,fr FRA,FW,Bournemouth,20,1996,11,3,270,3.0,0.00,0.00,0.00,0.00,0.00,0.00,0.00,0.00,0.00,0.00,0.00,0.00,0.00,Matches,d9cfca3d
361,Marc Muniesa,es ESP,DF,Stoke City,24,1992,10,7,650,7.2,0.14,0.00,0.14,0.14,0.00,0.00,0.28,0.00,0.14,0.00,0.14,0.14,0.14,Matches,4db76f57
362,Ahmed Musa,ng NGA,MFFW,Leicester City,23,1992,21,7,761,8.5,0.24,0.12,0.35,0.24,0.00,0.00,0.12,0.00,0.24,0.12,0.35,0.24,0.35,Matches,b7084daf
363,Shkodran Mustafi,de GER,DF,Arsenal,24,1992,26,26,2274,25.3,0.08,0.08,0.16,0.08,0.00,0.00,0.43,0.00,0.08,0.08,0.16,0.08,0.16,Matches,3f2d59fe
364,Jordon Mutch,eng ENG,MF,Crystal Palace,24,1991,4,0,53,0.6,0.00,0.00,0.00,0.00,0.00,0.00,0.00,0.00,0.00,0.00,0.00,0.00,0.00,Matches,37c408cc
365,Alfred N'Diaye,sn SEN,MF,Hull City,26,1990,15,15,1273,14.1,0.07,0.00,0.07,0.07,0.00,0.00,0.50,0.00,0.07,0.00,0.07,0.07,0.07,Matches,7789bf63
366,Georges-Kévin N'Koudou,cm CMR,MF,Tottenham,21,1995,8,0,54,0.6,0.00,0.00,0.00,0.00,0.00,0.00,0.00,0.00,0.00,0.00,0.00,0.00,0.00,Matches,76c131da
367,Luciano Narsingh,nl NED,FW,Swansea City,25,1990,13,3,416,4.6,0.00,0.43,0.43,0.00,0.00,0.00,0.00,0.00,0.00,0.43,0.43,0.00,0.43,Matches,977ffc24
368,Samir Nasri,fr FRA,FWMF,Manchester City,29,1987,1,0,16,0.2,0.00,0.00,0.00,0.00,0.00,0.00,0.00,0.00,0.00,0.00,0.00,0.00,0.00,Matches,165bed61
369,Kyle Naughton,eng ENG,DF,Swansea City,27,1988,31,31,2714,30.2,0.03,0.00,0.03,0.03,0.00,0.00,0.17,0.00,0.03,0.00,0.03,0.03,0.03,Matches,e860c42f
370,Jesús Navas,es ESP,MFDF,Manchester City,30,1985,24,12,1064,11.8,0.00,0.08,0.08,0.00,0.00,0.00,0.17,0.00,0.00,0.08,0.08,0.00,0.08,Matches,3f10bd22
371,Wilfred Ndidi,ng NGA,MF,Leicester City,19,1996,17,17,1521,16.9,0.12,0.06,0.18,0.12,0.00,0.00,0.00,0.00,0.12,0.06,0.18,0.12,0.18,Matches,6b47c5db
372,Álvaro Negredo,es ESP,FW,Middlesbrough,30,1985,36,33,2870,31.9,0.28,0.16,0.44,0.22,0.06,0.06,0.16,0.00,0.28,0.16,0.44,0.22,0.38,Matches,63b0ca6b
373,Julien Ngoy,be BEL,FWMF,Stoke City,18,1997,5,0,49,0.5,0.00,0.00,0.00,0.00,0.00,0.00,0.00,0.00,0.00,0.00,0.00,0.00,0.00,Matches,87449a74
374,M'Baye Niang,sn SEN,MFFW,Watford,21,1994,16,15,1246,13.8,0.14,0.14,0.29,0.14,0.00,0.00,0.14,0.00,0.14,0.14,0.29,0.14,0.29,Matches,2054d037
375,Oumar Niasse,sn SEN,FW,Hull City,26,1990,17,12,1097,12.2,0.33,0.08,0.41,0.33,0.00,0.00,0.25,0.08,0.33,0.08,0.41,0.33,0.41,Matches,af721f98
376,Mark Noble,eng ENG,MF,West Ham,29,1987,30,29,2389,26.5,0.11,0.00,0.11,0.08,0.04,0.08,0.38,0.00,0.11,0.00,0.11,0.08,0.08,Matches,ff527768
377,Nolito,es ESP,MFFW,Manchester City,29,1986,19,9,778,8.6,0.47,0.23,0.70,0.47,0.00,0.00,0.35,0.12,0.46,0.23,0.69,0.46,0.69,Matches,b2d0ec1b
378,Kristoffer Nordfeldt,se SWE,GK,Swansea City,27,1989,1,1,90,1.0,0.00,0.00,0.00,0.00,0.00,0.00,0.00,0.00,0.00,0.00,0.00,0.00,0.00,Matches,78549904
379,Håvard Nordtveit,no NOR,DFMF,West Ham,26,1990,16,11,957,10.6,0.00,0.09,0.09,0.00,0.00,0.00,0.19,0.00,0.00,0.09,0.09,0.00,0.09,Matches,6cafd68d
380,Emilio Nsue,gq EQG,DFMF,Middlesbrough,26,1989,4,4,320,3.6,0.00,0.00,0.00,0.00,0.00,0.00,0.00,0.00,0.00,0.00,0.00,0.00,0.00,Matches,1c9bc4fa
381,David Nugent,eng ENG,FW,Middlesbrough,31,1985,4,0,43,0.5,0.00,0.00,0.00,0.00,0.00,0.00,0.00,0.00,0.00,0.00,0.00,0.00,0.00,Matches,f9b5e5bd
382,Allan Nyom,cm CMR,DF,West Brom,28,1988,32,29,2638,29.3,0.00,0.03,0.03,0.00,0.00,0.00,0.27,0.00,0.00,0.03,0.03,0.00,0.03,Matches,97572117
383,Aiden O'Neill,au AUS,MF,Burnley,18,1998,3,0,85,0.9,0.00,0.00,0.00,0.00,0.00,0.00,0.00,0.00,0.00,0.00,0.00,0.00,0.00,Matches,c7aee75b
384,John O'Shea,ie IRL,DF,Sunderland,35,1981,28,26,2158,24.0,0.00,0.04,0.04,0.00,0.00,0.00,0.21,0.00,0.00,0.04,0.04,0.00,0.04,Matches,7c1f4685
385,Pedro Obiang,gq EQG,MF,West Ham,24,1992,22,21,1763,19.6,0.05,0.05,0.10,0.05,0.00,0.00,0.36,0.00,0.05,0.05,0.10,0.05,0.10,Matches,ba1e04b3
386,Angelo Ogbonna,it ITA,DF,West Ham,28,1988,20,20,1755,19.5,0.00,0.00,0.00,0.00,0.00,0.00,0.10,0.00,0.00,0.00,0.00,0.00,0.00,Matches,74b2cd7e
387,Stefano Okaka,it ITA,FW,Watford,26,1989,19,10,958,10.6,0.38,0.09,0.47,0.38,0.00,0.00,0.47,0.00,0.38,0.09,0.47,0.38,0.47,Matches,601ef102
388,Shinji Okazaki,jp JPN,FWMF,Leicester City,30,1986,30,21,1565,17.4,0.17,0.06,0.23,0.17,0.00,0.00,0.06,0.00,0.17,0.06,0.23,0.17,0.23,Matches,68796d61
389,Jonas Olsson,se SWE,DF,West Brom,33,1983,7,7,590,6.6,0.00,0.00,0.00,0.00,0.00,0.00,0.45,0.00,0.00,0.00,0.00,0.00,0.00,Matches,48844a9b
390,Martin Olsson,se SWE,DF,Swansea City,28,1988,15,14,1252,13.9,0.14,0.00,0.14,0.14,0.00,0.00,0.14,0.00,0.14,0.00,0.14,0.14,0.14,Matches,2f72f79e
391,Josh Onomah,eng ENG,FWMF,Tottenham,19,1997,5,0,22,0.2,0.00,0.00,0.00,0.00,0.00,0.00,0.00,0.00,0.00,0.00,0.00,0.00,0.00,Matches,6612cd8c
392,Divock Origi,be BEL,FW,Liverpool,21,1995,34,14,1468,16.3,0.43,0.18,0.61,0.43,0.00,0.00,0.00,0.00,0.43,0.18,0.61,0.43,0.61,Matches,43a166b4
393,Oscar,br BRA,MF,Chelsea,24,1991,9,5,455,5.1,0.00,0.20,0.20,0.00,0.00,0.00,0.20,0.00,0.00,0.20,0.20,0.00,0.20,Matches,57fe98dd
394,David Ospina,co COL,GK,Arsenal,27,1988,2,1,143,1.6,0.00,0.00,0.00,0.00,0.00,0.00,0.00,0.00,0.00,0.00,0.00,0.00,0.00,Matches,82b1198a
395,Nicolás Otamendi,ar ARG,DF,Manchester City,28,1988,30,29,2592,28.8,0.03,0.00,0.03,0.03,0.00,0.00,0.31,0.00,0.03,0.00,0.03,0.03,0.03,Matches,0d267745
396,Bryan Oviedo,cr CRC,DFMF,Sunderland,26,1990,10,10,848,9.4,0.00,0.00,0.00,0.00,0.00,0.00,0.11,0.00,0.00,0.00,0.00,0.00,0.00,Matches,31faf295
397,Bryan Oviedo,cr CRC,DF,Everton,26,1990,6,6,475,5.3,0.00,0.00,0.00,0.00,0.00,0.00,0.57,0.00,0.00,0.00,0.00,0.00,0.00,Matches,31faf295
398,Alex Oxlade-Chamberlain,eng ENG,MF,Arsenal,22,1993,29,16,1628,18.1,0.11,0.39,0.50,0.11,0.00,0.00,0.06,0.00,0.11,0.39,0.50,0.11,0.50,Matches,38c7feef
399,Mesut Özil,de GER,MF,Arsenal,27,1988,33,32,2841,31.6,0.25,0.32,0.57,0.25,0.00,0.00,0.06,0.00,0.25,0.32,0.57,0.25,0.57,Matches,16380240
400,Costel Pantilimon,ro ROU,GK,Watford,29,1987,2,0,83,0.9,0.00,0.00,0.00,0.00,0.00,0.00,0.00,0.00,0.00,0.00,0.00,0.00,0.00,Matches,d24e154c
401,Gabriel Paulista,br BRA,DF,Arsenal,25,1990,19,15,1517,16.9,0.00,0.00,0.00,0.00,0.00,0.00,0.36,0.00,0.00,0.00,0.00,0.00,0.00,Matches,b7ca5c51
402,Dimitri Payet,fr FRA,MFFW,West Ham,29,1987,18,17,1511,16.8,0.12,0.36,0.48,0.12,0.00,0.00,0.12,0.00,0.12,0.36,0.48,0.12,0.48,Matches,58ae47b2
403,Pedro,es ESP,FWMF,Chelsea,29,1987,35,26,2140,23.8,0.38,0.38,0.76,0.38,0.00,0.00,0.25,0.00,0.38,0.38,0.76,0.38,0.76,Matches,3ca7254a
404,Matthew Pennington,eng ENG,DF,Everton,21,1994,3,2,180,2.0,0.50,0.00,0.50,0.50,0.00,0.00,0.00,0.00,0.50,0.00,0.50,0.50,0.50,Matches,0ff967f7
405,Dion Pereira,eng ENG,MF,Watford,17,1999,2,0,25,0.3,0.00,0.00,0.00,0.00,0.00,0.00,0.00,0.00,0.00,0.00,0.00,0.00,0.00,Matches,8aab04dc
406,Roberto Pereyra,ar ARG,MFFW,Watford,25,1991,13,12,1037,11.5,0.17,0.17,0.35,0.17,0.00,0.00,0.17,0.09,0.17,0.17,0.35,0.17,0.35,Matches,75f2c59f
407,Lucas Pérez,es ESP,MFFW,Arsenal,27,1988,11,2,272,3.0,0.33,0.00,0.33,0.33,0.00,0.00,0.00,0.00,0.33,0.00,0.33,0.33,0.33,Matches,a300ac7e
408,Matt Phillips,sct SCO,MF,West Brom,25,1991,27,26,2181,24.2,0.17,0.33,0.50,0.17,0.00,0.00,0.08,0.00,0.17,0.33,0.50,0.17,0.50,Matches,7bb5f40e
409,Jordan Pickford,eng ENG,GK,Sunderland,22,1994,29,29,2610,29.0,0.00,0.00,0.00,0.00,0.00,0.00,0.00,0.00,0.00,0.00,0.00,0.00,0.00,Matches,4806ec67
410,Jérémy Pied,fr FRA,DF,Southampton,27,1989,4,1,129,1.4,0.00,0.00,0.00,0.00,0.00,0.00,0.00,0.00,0.00,0.00,0.00,0.00,0.00,Matches,a634b9d2
411,Steven Pienaar,za RSA,MFFW,Sunderland,34,1982,15,10,803,8.9,0.00,0.00,0.00,0.00,0.00,0.00,0.67,0.22,0.00,0.00,0.00,0.00,0.00,Matches,8056f6e6
412,Erik Pieters,nl NED,DFMF,Stoke City,27,1988,36,35,3151,35.0,0.00,0.03,0.03,0.00,0.00,0.00,0.14,0.00,0.00,0.03,0.03,0.00,0.03,Matches,1ef37668
413,Paul Pogba,fr FRA,MF,Manchester Utd,23,1993,30,29,2608,29.0,0.17,0.14,0.31,0.17,0.00,0.00,0.24,0.00,0.17,0.14,0.31,0.17,0.31,Matches,867239d3
414,Sebastian Prödl,at AUT,DF,Watford,29,1987,33,32,2769,30.8,0.03,0.03,0.06,0.03,0.00,0.00,0.36,0.06,0.03,0.03,0.07,0.03,0.07,Matches,f5e6d08d
415,Marc Pugh,eng ENG,MF,Bournemouth,29,1987,21,16,1328,14.8,0.14,0.14,0.27,0.14,0.00,0.00,0.07,0.00,0.14,0.14,0.27,0.14,0.27,Matches,9aacb284
416,Jason Puncheon,eng ENG,MF,Crystal Palace,30,1986,36,35,3091,34.3,0.00,0.15,0.15,0.00,0.00,0.00,0.26,0.00,0.00,0.15,0.15,0.00,0.15,Matches,fd3f57ce
417,Gastón Ramírez,uy URU,MFFW,Middlesbrough,25,1990,24,20,1540,17.1,0.12,0.18,0.29,0.12,0.00,0.00,0.53,0.12,0.12,0.18,0.29,0.12,0.29,Matches,2c851997
418,Aaron Ramsey,wls WAL,MF,Arsenal,25,1990,23,13,1236,13.7,0.07,0.29,0.36,0.07,0.00,0.00,0.22,0.00,0.07,0.29,0.36,0.07,0.36,Matches,ef619b0b
419,Darren Randolph,ie IRL,GK,West Ham,29,1987,22,22,1980,22.0,0.00,0.00,0.00,0.00,0.00,0.00,0.05,0.00,0.00,0.00,0.00,0.00,0.00,Matches,6385ebfb
420,Àngel Rangel,es ESP,DF,Swansea City,33,1982,18,8,831,9.2,0.11,0.00,0.11,0.11,0.00,0.00,0.11,0.00,0.11,0.00,0.11,0.11,0.11,Matches,93ee387c
421,Andrea Ranocchia,it ITA,DF,Hull City,28,1988,16,15,1330,14.8,0.14,0.14,0.27,0.14,0.00,0.00,0.14,0.00,0.14,0.14,0.27,0.14,0.27,Matches,539230cf
422,Marcus Rashford,eng ENG,FWMF,Manchester Utd,18,1997,32,16,1710,19.0,0.26,0.05,0.32,0.26,0.00,0.00,0.16,0.00,0.26,0.05,0.32,0.26,0.32,Matches,a1d5bd30
423,Nathan Redmond,eng ENG,FWMF,Southampton,22,1994,37,32,2899,32.2,0.22,0.03,0.25,0.22,0.00,0.00,0.06,0.03,0.22,0.03,0.25,0.22,0.25,Matches,ab651565
424,Harrison Reed,eng ENG,MF,Southampton,21,1995,3,1,64,0.7,0.00,0.00,0.00,0.00,0.00,0.00,0.00,0.00,0.00,0.00,0.00,0.00,0.00,Matches,803ae100
425,Winston Reid,nz NZL,DF,West Ham,28,1988,30,30,2587,28.7,0.07,0.03,0.10,0.07,0.00,0.00,0.31,0.07,0.07,0.03,0.10,0.07,0.10,Matches,562eed5c
426,Loïc Rémy,fr FRA,FW,Crystal Palace,29,1987,5,1,134,1.5,0.00,0.00,0.00,0.00,0.00,0.00,0.00,0.00,0.00,0.00,0.00,0.00,0.00,Matches,5c2da10f
427,Jordan Rhodes,sct SCO,FW,Middlesbrough,26,1990,6,2,211,2.3,0.00,0.00,0.00,0.00,0.00,0.00,0.00,0.00,0.00,0.00,0.00,0.00,0.00,Matches,3b8b641c
428,Declan Rice,eng ENG,DFMF,West Ham,17,1999,1,0,1,0.0,0,0,0,0,0,0,0,0,0.00,0.00,0.00,0.00,0.00,Matches,1c7012b8
429,Andrew Robertson,sct SCO,DFMF,Hull City,22,1994,33,31,2736,30.4,0.03,0.07,0.10,0.03,0.00,0.00,0.16,0.00,0.03,0.07,0.10,0.03,0.10,Matches,2e4f5f03
430,Paul Robinson,eng ENG,GK,Burnley,36,1979,3,3,270,3.0,0.00,0.00,0.00,0.00,0.00,0.00,0.00,0.00,0.00,0.00,0.00,0.00,0.00,Matches,3515ba56
431,Joel Robles,es ESP,GK,Everton,26,1990,20,19,1737,19.3,0.00,0.00,0.00,0.00,0.00,0.00,0.10,0.00,0.00,0.00,0.00,0.00,0.00,Matches,cda0b317
432,Hal Robson-Kanu,wls WAL,FW,West Brom,27,1989,29,5,701,7.8,0.38,0.26,0.64,0.38,0.00,0.00,0.38,0.00,0.39,0.26,0.64,0.39,0.64,Matches,fb2dec57
433,Jay Rodriguez,eng ENG,FW,Southampton,27,1989,24,9,892,9.9,0.51,0.20,0.71,0.51,0.00,0.00,0.00,0.00,0.50,0.20,0.71,0.50,0.71,Matches,4ab53cdb
434,Jack Rodwell,eng ENG,MF,Sunderland,25,1991,20,17,1492,16.6,0.00,0.06,0.06,0.00,0.00,0.00,0.24,0.00,0.00,0.06,0.06,0.00,0.06,Matches,a07579ee
435,Marcos Rojo,ar ARG,DF,Manchester Utd,26,1990,21,18,1663,18.5,0.05,0.00,0.05,0.05,0.00,0.00,0.27,0.00,0.05,0.00,0.05,0.05,0.05,Matches,e0991c04
436,Sergio Romero,ar ARG,GK,Manchester Utd,29,1987,2,2,180,2.0,0.00,0.00,0.00,0.00,0.00,0.00,0.00,0.00,0.00,0.00,0.00,0.00,0.00,Matches,1e26e376
437,Oriol Romeu,es ESP,MF,Southampton,24,1991,35,35,3071,34.1,0.03,0.00,0.03,0.03,0.00,0.00,0.32,0.00,0.03,0.00,0.03,0.03,0.03,Matches,4b511457
438,Salomón Rondón,ve VEN,FW,West Brom,26,1989,38,32,2891,32.1,0.25,0.06,0.31,0.25,0.00,0.00,0.06,0.00,0.25,0.06,0.31,0.25,0.31,Matches,b318a643
439,Marten de Roon,nl NED,MF,Middlesbrough,25,1991,33,32,2773,30.8,0.13,0.00,0.13,0.13,0.00,0.00,0.26,0.00,0.13,0.00,0.13,0.13,0.13,Matches,2a1beb34
440,Wayne Rooney,eng ENG,MFFW,Manchester Utd,30,1985,25,15,1539,17.1,0.29,0.29,0.58,0.23,0.06,0.06,0.47,0.00,0.29,0.29,0.58,0.23,0.53,Matches,f07be45a
441,Danny Rose,eng ENG,DFMF,Tottenham,26,1990,18,18,1530,17.0,0.12,0.12,0.24,0.12,0.00,0.00,0.47,0.00,0.12,0.12,0.24,0.12,0.24,Matches,89d10e53
442,Wayne Routledge,eng ENG,FWMF,Swansea City,31,1985,27,24,1922,21.4,0.14,0.05,0.19,0.14,0.00,0.00,0.05,0.00,0.14,0.05,0.19,0.14,0.19,Matches,1d387eee
443,Bacary Sagna,fr FRA,DF,Manchester City,33,1983,17,14,1346,15.0,0.00,0.07,0.07,0.00,0.00,0.00,0.13,0.00,0.00,0.07,0.07,0.00,0.07,Matches,6ef56efd
444,Diafra Sakho,sn SEN,FW,West Ham,26,1989,4,2,181,2.0,0.50,0.00,0.50,0.50,0.00,0.00,0.00,0.00,0.50,0.00,0.50,0.50,0.50,Matches,57c433c8
445,Mamadou Sakho,fr FRA,DF,Crystal Palace,26,1990,8,8,686,7.6,0.00,0.00,0.00,0.00,0.00,0.00,0.00,0.00,0.00,0.00,0.00,0.00,0.00,Matches,87935cf3
446,Bakary Sako,ml MLI,FWMF,Crystal Palace,28,1988,7,0,142,1.6,0.00,0.00,0.00,0.00,0.00,0.00,0.00,0.00,0.00,0.00,0.00,0.00,0.00,Matches,381d7d54
447,Alexis Sánchez,cl CHI,FWMF,Arsenal,27,1988,38,36,3217,35.7,0.67,0.28,0.95,0.62,0.06,0.08,0.17,0.00,0.67,0.28,0.95,0.62,0.90,Matches,2c0f8e9e
448,Leroy Sané,de GER,MFFW,Manchester City,20,1996,26,20,1781,19.8,0.25,0.10,0.35,0.25,0.00,0.00,0.20,0.00,0.25,0.10,0.35,0.25,0.35,Matches,2b114be3
449,Jeffrey Schlupp,gh GHA,DF,Crystal Palace,23,1992,15,11,998,11.1,0.00,0.00,0.00,0.00,0.00,0.00,0.00,0.00,0.00,0.00,0.00,0.00,0.00,Matches,3312f911
450,Jeffrey Schlupp,gh GHA,MF,Leicester City,23,1992,4,1,141,1.6,0.00,0.00,0.00,0.00,0.00,0.00,0.00,0.00,0.00,0.00,0.00,0.00,0.00,Matches,3312f911
451,Kasper Schmeichel,dk DEN,GK,Leicester City,29,1986,30,30,2666,29.6,0.00,0.00,0.00,0.00,0.00,0.00,0.03,0.00,0.00,0.00,0.00,0.00,0.00,Matches,53af52f3
452,Morgan Schneiderlin,fr FRA,MF,Manchester Utd,26,1989,3,0,14,0.2,0.00,0.00,0.00,0.00,0.00,0.00,0.00,0.00,0.00,0.00,0.00,0.00,0.00,Matches,51b41c5c
453,Morgan Schneiderlin,fr FRA,MF,Everton,26,1989,14,12,1059,11.8,0.08,0.00,0.08,0.08,0.00,0.00,0.17,0.00,0.08,0.00,0.08,0.08,0.08,Matches,51b41c5c
454,Xherdan Shaqiri,ch SUI,MF,Stoke City,24,1991,21,21,1698,18.9,0.21,0.11,0.32,0.21,0.00,0.00,0.11,0.00,0.21,0.11,0.32,0.21,0.32,Matches,6421ec64
455,Luke Shaw,eng ENG,DF,Manchester Utd,21,1995,11,9,688,7.6,0.00,0.13,0.13,0.00,0.00,0.00,0.13,0.00,0.00,0.13,0.13,0.00,0.13,Matches,9c94165b
456,Ryan Shawcross,eng ENG,DF,Stoke City,28,1987,35,35,3150,35.0,0.03,0.03,0.06,0.03,0.00,0.00,0.17,0.00,0.03,0.03,0.06,0.03,0.06,Matches,285a3d44
457,Gylfi Sigurðsson,is ISL,FWMF,Swansea City,26,1989,38,37,3327,37.0,0.24,0.35,0.59,0.16,0.08,0.08,0.05,0.00,0.24,0.35,0.60,0.16,0.51,Matches,76dd1480
458,David Silva,es ESP,MF,Manchester City,30,1986,34,31,2759,30.7,0.13,0.23,0.36,0.13,0.00,0.00,0.20,0.00,0.13,0.23,0.36,0.13,0.36,Matches,e2716bd0
459,Danny Simpson,eng ENG,DF,Leicester City,29,1987,35,34,2988,33.2,0.00,0.03,0.03,0.00,0.00,0.00,0.36,0.00,0.00,0.03,0.03,0.00,0.03,Matches,3201b03d
460,Josh Sims,eng ENG,FW,Southampton,19,1997,7,1,211,2.3,0.00,0.43,0.43,0.00,0.00,0.00,0.00,0.00,0.00,0.43,0.43,0.00,0.43,Matches,6d6f09dc
461,Jerome Sinclair,eng ENG,FW,Watford,19,1996,5,1,116,1.3,0.00,0.00,0.00,0.00,0.00,0.00,0.00,0.00,0.00,0.00,0.00,0.00,0.00,Matches,1695c659
462,Moussa Sissoko,fr FRA,MFFW,Tottenham,26,1989,25,8,911,10.1,0.00,0.20,0.20,0.00,0.00,0.00,0.30,0.00,0.00,0.20,0.20,0.00,0.20,Matches,2acd49b9
463,Islam Slimani,dz ALG,FW,Leicester City,28,1988,23,13,1281,14.2,0.49,0.28,0.77,0.42,0.07,0.07,0.07,0.00,0.49,0.28,0.77,0.42,0.70,Matches,ffec9769
464,Chris Smalling,eng ENG,DF,Manchester Utd,26,1989,18,13,1217,13.5,0.07,0.00,0.07,0.07,0.00,0.00,0.00,0.00,0.07,0.00,0.07,0.07,0.07,Matches,b6964eb6
465,Adam Smith,eng ENG,DFMF,Bournemouth,25,1991,36,34,3079,34.2,0.03,0.15,0.18,0.03,0.00,0.00,0.18,0.00,0.03,0.15,0.18,0.03,0.18,Matches,20b104bc
466,Brad Smith,au AUS,DFMF,Bournemouth,22,1994,5,3,291,3.2,0.00,0.00,0.00,0.00,0.00,0.00,0.31,0.00,0.00,0.00,0.00,0.00,0.00,Matches,c76c717c
467,Robert Snodgrass,sct SCO,MFFW,West Ham,28,1987,15,8,838,9.3,0.00,0.22,0.22,0.00,0.00,0.00,0.00,0.00,0.00,0.21,0.21,0.00,0.21,Matches,9f4647e9
468,Robert Snodgrass,sct SCO,FWMF,Hull City,28,1987,20,19,1710,19.0,0.37,0.11,0.47,0.26,0.11,0.11,0.11,0.00,0.37,0.11,0.47,0.26,0.37,Matches,9f4647e9
469,Cédric Soares,pt POR,DF,Southampton,24,1991,30,30,2515,27.9,0.00,0.11,0.11,0.00,0.00,0.00,0.25,0.00,0.00,0.11,0.11,0.00,0.11,Matches,839c14e1
470,Ramadan Sobhi,eg EGY,MF,Stoke City,19,1997,17,8,854,9.5,0.00,0.11,0.11,0.00,0.00,0.00,0.21,0.00,0.00,0.11,0.11,0.00,0.11,Matches,98be0d02
471,Pape Souaré,sn SEN,DF,Crystal Palace,26,1990,3,3,269,3.0,0.00,0.00,0.00,0.00,0.00,0.00,0.00,0.00,0.00,0.00,0.00,0.00,0.00,Matches,46b5375e
472,Junior Stanislas,eng ENG,MF,Bournemouth,26,1989,21,18,1467,16.3,0.43,0.31,0.74,0.31,0.12,0.12,0.06,0.00,0.43,0.31,0.74,0.31,0.61,Matches,6992791d
473,Maarten Stekelenburg,nl NED,GK,Everton,33,1982,19,19,1683,18.7,0.00,0.00,0.00,0.00,0.00,0.00,0.11,0.00,0.00,0.00,0.00,0.00,0.00,Matches,fefce889
474,Jack Stephens,eng ENG,DF,Southampton,22,1994,17,15,1471,16.3,0.00,0.00,0.00,0.00,0.00,0.00,0.06,0.00,0.00,0.00,0.00,0.00,0.00,Matches,6adbc307
475,Raheem Sterling,eng ENG,MFFW,Manchester City,21,1994,33,29,2508,27.9,0.25,0.29,0.54,0.25,0.00,0.00,0.25,0.00,0.25,0.29,0.54,0.25,0.54,Matches,b400bde0
476,Kevin Stewart,jm JAM,DFMF,Liverpool,22,1993,4,0,20,0.2,0.00,0.00,0.00,0.00,0.00,0.00,0.00,0.00,0.00,0.00,0.00,0.00,0.00,Matches,ff674795
477,John Stones,eng ENG,DF,Manchester City,22,1994,27,23,2014,22.4,0.00,0.00,0.00,0.00,0.00,0.00,0.04,0.00,0.00,0.00,0.00,0.00,0.00,Matches,5eecec3d
478,Cristhian Stuani,uy URU,FWMF,Middlesbrough,29,1986,23,16,1354,15.0,0.27,0.00,0.27,0.27,0.00,0.00,0.27,0.00,0.27,0.00,0.27,0.27,0.27,Matches,220c11f1
479,Daniel Sturridge,eng ENG,FW,Liverpool,26,1989,20,7,775,8.6,0.35,0.12,0.47,0.35,0.00,0.00,0.12,0.00,0.35,0.12,0.46,0.35,0.46,Matches,1b7ec703
480,Isaac Success,ng NGA,MF,Watford,20,1996,19,2,519,5.8,0.17,0.17,0.34,0.17,0.00,0.00,0.34,0.00,0.17,0.17,0.35,0.17,0.35,Matches,f573a8bf
481,Ki Sung-yueng,kr KOR,MF,Swansea City,27,1989,23,13,1291,14.3,0.00,0.07,0.07,0.00,0.00,0.00,0.21,0.00,0.00,0.07,0.07,0.00,0.07,Matches,1d8c99b0
482,Andrew Surman,eng ENG,MF,Bournemouth,29,1986,22,21,1801,20.0,0.00,0.05,0.05,0.00,0.00,0.00,0.10,0.10,0.00,0.05,0.05,0.00,0.05,Matches,7d41b619
483,Dušan Tadić,rs SRB,FWMF,Southampton,27,1988,33,30,2411,26.8,0.11,0.19,0.30,0.07,0.04,0.07,0.15,0.00,0.11,0.19,0.30,0.07,0.26,Matches,2475dcc6
484,Matt Targett,eng ENG,DF,Southampton,20,1995,5,5,373,4.1,0.00,0.00,0.00,0.00,0.00,0.00,0.00,0.00,0.00,0.00,0.00,0.00,0.00,Matches,e514ab62
485,James Tarkowski,eng ENG,DF,Burnley,23,1992,19,4,568,6.3,0.00,0.00,0.00,0.00,0.00,0.00,0.16,0.00,0.00,0.00,0.00,0.00,0.00,Matches,15ea812b
486,Neil Taylor,wls WAL,DF,Swansea City,27,1989,11,11,920,10.2,0.00,0.00,0.00,0.00,0.00,0.00,0.10,0.00,0.00,0.00,0.00,0.00,0.00,Matches,c2f9d19f
487,John Terry,eng ENG,DF,Chelsea,35,1980,9,6,496,5.5,0.18,0.00,0.18,0.18,0.00,0.00,0.18,0.00,0.18,0.00,0.18,0.18,0.18,Matches,68517cfd
488,James Tomkins,eng ENG,DF,Crystal Palace,27,1989,24,23,1974,21.9,0.14,0.00,0.14,0.14,0.00,0.00,0.18,0.00,0.14,0.00,0.14,0.14,0.14,Matches,e7ca0439
489,Gökhan Töre,tr TUR,MFFW,West Ham,24,1992,5,3,240,2.7,0.00,0.37,0.37,0.00,0.00,0.00,0.00,0.00,0.00,0.37,0.37,0.00,0.37,Matches,51960957
490,Yaya Touré,ci CIV,MF,Manchester City,33,1983,25,22,1941,21.6,0.23,0.00,0.23,0.14,0.09,0.09,0.19,0.00,0.23,0.00,0.23,0.14,0.14,Matches,c204f844
491,Andros Townsend,eng ENG,MF,Crystal Palace,25,1991,36,30,2519,28.0,0.11,0.14,0.25,0.11,0.00,0.00,0.14,0.00,0.11,0.14,0.25,0.11,0.25,Matches,b28bbd58
492,Adama Traoré,es ESP,MFFW,Middlesbrough,20,1996,27,16,1541,17.1,0.00,0.06,0.06,0.00,0.00,0.00,0.06,0.00,0.00,0.06,0.06,0.00,0.06,Matches,9a28eba4
493,Kieran Trippier,eng ENG,DFMF,Tottenham,25,1990,12,6,568,6.3,0.00,0.79,0.79,0.00,0.00,0.00,0.16,0.00,0.00,0.79,0.79,0.00,0.79,Matches,21512407
494,Axel Tuanzebe,eng ENG,MFDF,Manchester Utd,18,1997,4,4,303,3.4,0.00,0.00,0.00,0.00,0.00,0.00,0.00,0.00,0.00,0.00,0.00,0.00,0.00,Matches,2baec6ce
495,Josh Tymon,eng ENG,MFDF,Hull City,17,1999,5,4,322,3.6,0.00,0.00,0.00,0.00,0.00,0.00,0.28,0.00,0.00,0.00,0.00,0.00,0.00,Matches,efe6f6ac
496,Leonardo Ulloa,ar ARG,FW,Leicester City,30,1986,16,3,447,5.0,0.20,0.00,0.20,0.20,0.00,0.00,0.00,0.00,0.20,0.00,0.20,0.20,0.20,Matches,eed56f6c
497,Víctor Valdés,es ESP,GK,Middlesbrough,34,1982,28,28,2520,28.0,0.00,0.00,0.00,0.00,0.00,0.00,0.04,0.00,0.00,0.00,0.00,0.00,0.00,Matches,e029e404
498,Antonio Valencia,ec ECU,DF,Manchester Utd,30,1985,28,27,2483,27.6,0.04,0.11,0.14,0.04,0.00,0.00,0.18,0.00,0.04,0.11,0.14,0.04,0.14,Matches,08aa17d0
499,Enner Valencia,ec ECU,FW,West Ham,26,1989,3,3,211,2.3,0.00,0.00,0.00,0.00,0.00,0.00,0.00,0.00,0.00,0.00,0.00,0.00,0.00,Matches,fb485406
500,Enner Valencia,ec ECU,FWMF,Everton,26,1989,21,5,716,8.0,0.38,0.13,0.50,0.38,0.00,0.00,0.13,0.00,0.38,0.13,0.50,0.38,0.50,Matches,fb485406
501,Virgil van Dijk,nl NED,DF,Southampton,25,1991,21,21,1853,20.6,0.05,0.00,0.05,0.05,0.00,0.00,0.19,0.10,0.05,0.00,0.05,0.05,0.05,Matches,e06683ca
502,Jamie Vardy,eng ENG,FW,Leicester City,29,1987,35,33,2802,31.1,0.42,0.13,0.55,0.42,0.00,0.00,0.06,0.03,0.42,0.13,0.55,0.42,0.55,Matches,45963054
503,Jan Vertonghen,be BEL,DF,Tottenham,29,1987,33,33,2894,32.2,0.00,0.00,0.00,0.00,0.00,0.00,0.16,0.00,0.00,0.00,0.00,0.00,0.00,Matches,ba23a904
504,Sam Vokes,wls WAL,FW,Burnley,26,1989,37,21,2064,22.9,0.44,0.13,0.57,0.35,0.09,0.09,0.00,0.00,0.44,0.13,0.57,0.35,0.48,Matches,1d6ac165
505,Michel Vorm,nl NED,GK,Tottenham,32,1983,5,4,416,4.6,0.00,0.00,0.00,0.00,0.00,0.00,0.00,0.00,0.00,0.00,0.00,0.00,0.00,Matches,1bebde9d
506,Matěj Vydra,cz CZE,FWMF,Watford,24,1992,1,0,3,0.0,0,0,0,0,0,0,0,0,0.00,0.00,0.00,0.00,0.00,Matches,0d4ceb32
507,Theo Walcott,eng ENG,MF,Arsenal,27,1989,28,23,1916,21.3,0.47,0.09,0.56,0.47,0.00,0.05,0.05,0.00,0.47,0.09,0.56,0.47,0.56,Matches,1ecb65be
508,Kyle Walker,eng ENG,DFMF,Tottenham,26,1990,33,31,2701,30.0,0.00,0.17,0.17,0.00,0.00,0.00,0.27,0.00,0.00,0.17,0.17,0.00,0.17,Matches,86dd77d1
509,Jonathan Walters,ie IRL,FWMF,Stoke City,32,1983,23,13,1304,14.5,0.28,0.14,0.41,0.21,0.07,0.07,0.07,0.00,0.28,0.14,0.41,0.21,0.35,Matches,0356cf4f
510,Victor Wanyama,ke KEN,MF,Tottenham,25,1991,36,35,3012,33.5,0.12,0.03,0.15,0.12,0.00,0.00,0.30,0.00,0.12,0.03,0.15,0.12,0.15,Matches,e0900238
511,Joel Ward,eng ENG,DF,Crystal Palace,26,1989,38,38,3417,38.0,0.00,0.03,0.03,0.00,0.00,0.00,0.18,0.00,0.00,0.03,0.03,0.00,0.03,Matches,8a7ff278
512,Stephen Ward,ie IRL,DF,Burnley,30,1985,37,37,3230,35.9,0.03,0.03,0.06,0.03,0.00,0.00,0.14,0.00,0.03,0.03,0.06,0.03,0.06,Matches,3831b9fe
513,James Ward-Prowse,eng ENG,MF,Southampton,21,1994,30,22,1883,20.9,0.19,0.19,0.38,0.19,0.00,0.00,0.19,0.00,0.19,0.19,0.38,0.19,0.38,Matches,3515d404
514,Marcin Wasilewski,pl POL,DF,Leicester City,36,1980,1,1,90,1.0,0.00,0.00,0.00,0.00,0.00,0.00,0.00,0.00,0.00,0.00,0.00,0.00,0.00,Matches,24249219
515,Duncan Watmore,eng ENG,MFFW,Sunderland,22,1994,14,11,1024,11.4,0.00,0.18,0.18,0.00,0.00,0.00,0.09,0.00,0.00,0.18,0.18,0.00,0.18,Matches,2b2bae51
516,Ben Watson,eng ENG,MF,Watford,31,1985,4,0,54,0.6,0.00,0.00,0.00,0.00,0.00,0.00,0.00,1.67,0.00,0.00,0.00,0.00,0.00,Matches,df540668
517,Danny Welbeck,eng ENG,FWMF,Arsenal,25,1990,16,8,748,8.3,0.24,0.24,0.48,0.24,0.00,0.00,0.00,0.00,0.24,0.24,0.48,0.24,0.48,Matches,ce5143da
518,Ashley Westwood,eng ENG,MF,Burnley,26,1990,9,6,551,6.1,0.00,0.00,0.00,0.00,0.00,0.00,0.49,0.00,0.00,0.00,0.00,0.00,0.00,Matches,495945ef
519,Glenn Whelan,ie IRL,MF,Stoke City,32,1984,30,26,2275,25.3,0.00,0.04,0.04,0.00,0.00,0.00,0.20,0.00,0.00,0.04,0.04,0.00,0.04,Matches,d5bd56a5
520,Connor Wickham,eng ENG,FWMF,Crystal Palace,23,1993,8,4,412,4.6,0.43,0.00,0.43,0.43,0.00,0.00,0.22,0.00,0.44,0.00,0.44,0.44,0.44,Matches,41cc19c2
521,Georginio Wijnaldum,nl NED,MF,Liverpool,25,1990,36,33,2972,33.0,0.18,0.24,0.42,0.18,0.00,0.00,0.06,0.00,0.18,0.24,0.42,0.18,0.42,Matches,eb58eef0
522,Ashley Williams,wls WAL,DF,Everton,31,1984,36,35,3160,35.1,0.03,0.06,0.09,0.03,0.00,0.00,0.20,0.03,0.03,0.06,0.09,0.03,0.09,Matches,a498e276
523,Willian,br BRA,FWMF,Chelsea,27,1988,34,15,1534,17.0,0.47,0.12,0.59,0.47,0.00,0.00,0.18,0.00,0.47,0.12,0.59,0.47,0.59,Matches,8b9ebd03
524,Jack Wilshere,eng ENG,MF,Arsenal,24,1992,2,0,39,0.4,0.00,0.00,0.00,0.00,0.00,0.00,2.50,0.00,0.00,0.00,0.00,0.00,0.00,Matches,9c318325
525,Jack Wilshere,eng ENG,MF,Bournemouth,24,1992,27,22,1910,21.2,0.00,0.09,0.09,0.00,0.00,0.00,0.14,0.00,0.00,0.09,0.09,0.00,0.09,Matches,9c318325
526,Callum Wilson,eng ENG,FW,Bournemouth,24,1992,20,16,1423,15.8,0.38,0.00,0.38,0.19,0.19,0.19,0.00,0.00,0.38,0.00,0.38,0.19,0.19,Matches,c596fcb0
527,Marc Wilson,ie IRL,DF,West Brom,28,1987,4,3,254,2.8,0.00,0.00,0.00,0.00,0.00,0.00,1.07,0.00,0.00,0.00,0.00,0.00,0.00,Matches,c325c010
528,Kevin Wimmer,at AUT,DF,Tottenham,23,1992,5,4,357,4.0,0.00,0.00,0.00,0.00,0.00,0.00,0.75,0.00,0.00,0.00,0.00,0.00,0.00,Matches,faf55ce4
529,Harry Winks,eng ENG,MF,Tottenham,20,1996,21,3,493,5.5,0.18,0.18,0.36,0.18,0.00,0.00,0.18,0.00,0.18,0.18,0.37,0.18,0.37,Matches,2f7acede
530,Philipp Wollscheid,de GER,DF,Stoke City,27,1989,2,2,180,2.0,0.00,0.00,0.00,0.00,0.00,0.00,0.50,0.00,0.00,0.00,0.00,0.00,0.00,Matches,c4cca587
531,Ben Woodburn,wls WAL,FW,Liverpool,16,1999,5,1,86,1.0,0.00,0.00,0.00,0.00,0.00,0.00,0.00,0.00,0.00,0.00,0.00,0.00,0.00,Matches,8aadeaef
532,Matt Worthington,eng ENG,DFMF,Bournemouth,18,1997,1,0,17,0.2,0.00,0.00,0.00,0.00,0.00,0.00,0.00,0.00,0.00,0.00,0.00,0.00,0.00,Matches,8c8b941f
533,Granit Xhaka,ch SUI,MF,Arsenal,23,1992,32,28,2485,27.6,0.07,0.07,0.14,0.07,0.00,0.00,0.18,0.07,0.07,0.07,0.14,0.07,0.14,Matches,e61b8aee
534,Claudio Yacob,ar ARG,MF,West Brom,29,1987,33,27,2418,26.9,0.00,0.00,0.00,0.00,0.00,0.00,0.33,0.00,0.00,0.00,0.00,0.00,0.00,Matches,bda6ffd4
535,Maya Yoshida,jp JPN,DF,Southampton,27,1988,23,23,2070,23.0,0.04,0.00,0.04,0.04,0.00,0.00,0.09,0.00,0.04,0.00,0.04,0.04,0.04,Matches,caffaf5a
536,Ashley Young,eng ENG,DFMF,Manchester Utd,31,1985,12,8,758,8.4,0.00,0.12,0.12,0.00,0.00,0.00,0.24,0.00,0.00,0.12,0.12,0.00,0.12,Matches,be927d03
537,Pablo Zabaleta,ar ARG,DFMF,Manchester City,31,1985,19,11,1036,11.5,0.09,0.09,0.17,0.09,0.00,0.00,0.17,0.00,0.09,0.09,0.17,0.09,0.17,Matches,6813ac34
538,Wilfried Zaha,ci CIV,MFFW,Crystal Palace,23,1992,35,34,3019,33.5,0.21,0.24,0.45,0.21,0.00,0.00,0.24,0.00,0.21,0.24,0.45,0.21,0.45,Matches,b2bc3b1f
539,Mauro Zárate,ar ARG,FWMF,Watford,29,1987,3,3,203,2.3,0.00,0.00,0.00,0.00,0.00,0.00,0.00,0.00,0.00,0.00,0.00,0.00,0.00,Matches,cc18ff4c
540,Simone Zaza,it ITA,FW,West Ham,25,1991,8,5,459,5.1,0.00,0.00,0.00,0.00,0.00,0.00,0.39,0.00,0.00,0.00,0.00,0.00,0.00,Matches,9592289a
541,Ron-Robert Zieler,de GER,GK,Leicester City,27,1989,9,8,754,8.4,0.00,0.00,0.00,0.00,0.00,0.00,0.00,0.00,0.00,0.00,0.00,0.00,0.00,Matches,a0606ae8
542,Kurt Zouma,fr FRA,DF,Chelsea,21,1994,9,3,250,2.8,0.00,0.00,0.00,0.00,0.00,0.00,0.00,0.00,0.00,0.00,0.00,0.00,0.00,Matches,ce4246f5
543,Juan Zúñiga,co COL,DFMF,Watford,30,1985,21,6,825,9.2,0.11,0.00,0.11,0.11,0.00,0.00,0.11,0.00,0.11,0.00,0.11,0.11,0.11,Matches,06b34f37